loan_id,customer_id,applicantincome,coapplicantincome,property_area,loan_status,customer_criteria,interest_rate,loanamount,loan_amount_term,cibil_score,cibil_score_status,monthly_interest_amount,annual_interest_amount,customer_name,gender,age,married,education,self_employed,postal_code,segment,state,region
LP001003,IP43002,4583,1508,Rural,N,Low_Class_Customer,3.0%,128,360,920,High_Cibil_Score,0,4,"Darrin Van Huff",Male,66,Yes,Graduate,No,90036,Corporate,California,West
LP001005,IP43003,3000,0,Urban,Y,Low_Class_Customer,5.0%,66,360,606,Penalty_Customer,0,3,"Sean O'Donnell",Male,20,Yes,Graduate,Yes,33311,Consumer,Florida,West
LP001006,IP43004,2583,2358,Urban,Y,Low_Class_Customer,5.0%,120,360,851,No_Penalty,1,6,"Brosina Hoffman",Male,46,Yes,"Not Graduate",No,90032,Consumer,California,West
LP001008,IP43005,6000,0,Urban,Y,Middle_Class_Customer,7.0%,141,360,420,Penalty_Customer,1,10,"Andrew Allen",Male,18,No,Graduate,No,28027,Consumer,"North Carolina",West
LP001011,IP43006,5417,4196,Urban,Y,Middle_Class_Customer,7.0%,267,360,173,Penalty_Customer,2,19,"Irene Maddox",Female,66,Yes,Graduate,Yes,98103,Consumer,Washington,West
LP001013,IP43007,2333,1516,Urban,Y,Low_Class_Customer,5.0%,95,360,650,Penalty_Customer,0,5,"Harold Pawlan",Male,45,Yes,"Not Graduate",No,76106,"Home Office",Texas,North
LP001014,IP43008,3036,2504,Semiurban,N,Low_Class_Customer,2.5%,158,360,471,Penalty_Customer,0,4,"Pete Kriz",Male,41,Yes,Graduate,No,53711,Consumer,Wisconsin,North
LP001018,IP43009,4006,1526,Urban,Y,Low_Class_Customer,5.0%,168,360,863,No_Penalty,1,8,"Alejandro Grove",Male,32,Yes,Graduate,No,84084,Consumer,Utah,West
LP001020,IP43010,12841,10968,Semiurban,N,B_Grade_Customer,7.0%,349,360,730,Penalty_Customer,2,24,"Zuschuss Donatelli",Male,21,Yes,Graduate,No,94109,Consumer,California,West
LP001024,IP43011,3200,700,Urban,Y,Low_Class_Customer,5.0%,70,360,143,Penalty_Customer,0,4,"Ken Black",Male,48,Yes,Graduate,No,68025,Corporate,Nebraska,North
LP001027,IP43012,2500,1840,Urban,Y,Low_Class_Customer,5.0%,109,360,384,Penalty_Customer,0,5,"Sandra Flanagan",Male,19,Yes,Graduate,NULL,19140,Consumer,Pennsylvania,East
LP001028,IP43013,3073,8106,Urban,Y,Low_Class_Customer,5.0%,200,360,928,High_Cibil_Score,1,10,"Emily Burns",Male,28,Yes,Graduate,No,84057,Consumer,Utah,West
LP001029,IP43014,1853,2840,Rural,N,Low_Class_Customer,3.0%,114,360,455,Penalty_Customer,0,3,"Eric Hoffmann",Male,46,No,Graduate,No,90049,Consumer,California,West
LP001030,IP43015,1299,1086,Urban,Y,Low_Class_Customer,5.0%,17,120,564,Penalty_Customer,0,1,"Tracy Blumstein",Male,31,Yes,Graduate,No,19140,Consumer,Pennsylvania,East
LP001032,IP43016,4950,0,Urban,Y,Low_Class_Customer,5.0%,125,360,477,Penalty_Customer,1,6,"Matt Abelman",Female,51,No,Graduate,No,77095,"Home Office",Texas,North
LP001034,IP43017,3596,0,Urban,Y,Low_Class_Customer,5.0%,100,240,888,No_Penalty,0,5,"Gene Hale",Male,20,No,"Not Graduate",No,75080,Corporate,Texas,North
LP001036,IP43018,3510,0,Urban,N,Low_Class_Customer,5.0%,76,360,387,Penalty_Customer,0,4,"Steve Nguyen",Male,27,No,Graduate,No,77041,"Home Office",Texas,North
LP001038,IP43019,4887,0,Rural,N,Low_Class_Customer,3.0%,133,360,371,Penalty_Customer,0,4,"Linda Cazamias",Male,64,Yes,"Not Graduate",No,60540,Corporate,Illinois,North
LP001041,IP43020,2600,3500,Urban,Y,Low_Class_Customer,5.0%,115,0,537,Penalty_Customer,0,6,"Ruben Ausman",Male,66,Yes,Graduate,NULL,90049,Corporate,California,West
LP001043,IP43021,7660,0,Urban,N,Middle_Class_Customer,7.0%,104,360,534,Penalty_Customer,1,7,"Erin Smith",Male,40,Yes,"Not Graduate",No,32935,Corporate,Florida,West
LP001046,IP43022,5955,5625,Urban,Y,Middle_Class_Customer,7.0%,315,360,903,High_Cibil_Score,2,22,"Odella Nelson",Male,23,Yes,Graduate,No,55122,Corporate,Minnesota,North
LP001047,IP43023,2600,1911,Semiurban,N,Low_Class_Customer,2.5%,116,360,615,Penalty_Customer,0,3,"Patrick O'Donnell",Male,34,Yes,"Not Graduate",No,48185,Consumer,Michigan,North
LP001050,IP43024,3365,1917,Rural,N,Low_Class_Customer,3.0%,112,360,593,Penalty_Customer,0,3,"Lena Hernandez",Male,69,Yes,"Not Graduate",No,19901,Consumer,Delaware,East
LP001052,IP43025,3717,2925,Semiurban,N,Low_Class_Customer,2.5%,151,360,79,Penalty_Customer,0,4,"Darren Powers",Male,31,Yes,Graduate,NULL,47150,Consumer,Indiana,North
LP001066,IP43026,9560,0,Semiurban,Y,B_Grade_Customer,7.0%,191,360,293,Penalty_Customer,1,13,"Janet Molinari",Male,45,Yes,Graduate,Yes,10024,Corporate,"New York",East
LP001068,IP43027,2799,2253,Semiurban,Y,Low_Class_Customer,2.5%,122,360,999,High_Cibil_Score,0,3,"Ted Butterfield",Male,59,Yes,Graduate,No,12180,Consumer,"New York",East
LP001073,IP43028,4226,1040,Urban,Y,Low_Class_Customer,5.0%,110,360,781,No_Penalty,0,6,"Kunst Miller",Male,35,Yes,"Not Graduate",No,90004,Consumer,California,West
LP001086,IP43029,1442,0,Urban,N,Low_Class_Customer,5.0%,35,360,521,Penalty_Customer,0,2,"Paul Stevenson",Male,25,No,"Not Graduate",No,60610,"Home Office",Illinois,North
LP001087,IP43030,3750,2083,Semiurban,Y,Low_Class_Customer,2.5%,120,360,620,Penalty_Customer,0,3,"Brendan Sweed",Female,29,No,Graduate,NULL,85234,Corporate,Arizona,West
LP001091,IP43031,4166,3369,Urban,N,Low_Class_Customer,5.0%,201,360,972,High_Cibil_Score,1,10,"Karen Daniels",Male,18,Yes,Graduate,NULL,22153,Consumer,Virginia,West
LP001095,IP43032,3167,0,Urban,N,Low_Class_Customer,5.0%,74,360,425,Penalty_Customer,0,4,"Henry MacAllister",Male,42,No,Graduate,No,10009,Consumer,"New York",East
LP001097,IP43033,4692,0,Rural,N,Low_Class_Customer,3.0%,106,360,420,Penalty_Customer,0,3,"Joel Eaton",Male,56,No,Graduate,Yes,38109,Consumer,Tennessee,West
LP001098,IP43034,3500,1667,Semiurban,Y,Low_Class_Customer,2.5%,114,360,667,Penalty_Customer,0,3,"Ken Brennan",Male,33,Yes,Graduate,No,77041,Corporate,Texas,North
LP001100,IP43035,12500,3000,Rural,N,B_Grade_Customer,7.0%,320,360,889,No_Penalty,2,22,"Stewart Carmichael",Male,64,No,Graduate,No,35601,Corporate,Alabama,West
LP001109,IP43037,1828,1330,Urban,N,Low_Class_Customer,5.0%,100,0,413,Penalty_Customer,0,5,"Julie Creighton",Male,33,Yes,Graduate,No,27707,Corporate,"North Carolina",West
LP001112,IP43038,3667,1459,Semiurban,Y,Low_Class_Customer,2.5%,144,360,139,Penalty_Customer,0,4,"Christopher Schild",Male,70,Yes,Graduate,No,60623,"Home Office",Illinois,North
LP001114,IP43039,4166,7210,Urban,Y,Low_Class_Customer,5.0%,184,360,812,No_Penalty,1,9,"Paul Gonzalez",Male,63,No,Graduate,No,55901,Consumer,Minnesota,North
LP001116,IP43040,3748,1668,Semiurban,Y,Low_Class_Customer,2.5%,110,360,71,Penalty_Customer,0,3,"Gary Mitchum",Male,35,No,"Not Graduate",No,77095,"Home Office",Texas,North
LP001119,IP43041,3600,0,Urban,N,Low_Class_Customer,5.0%,80,360,374,Penalty_Customer,0,4,"Jim Sink",Male,33,No,Graduate,No,90036,Corporate,California,West
LP001120,IP43042,1800,1213,Urban,Y,Low_Class_Customer,5.0%,47,360,472,Penalty_Customer,0,2,"Karl Braun",Male,56,No,Graduate,No,55407,Consumer,Minnesota,North
LP001123,IP43043,2400,0,Urban,Y,Low_Class_Customer,5.0%,75,360,881,No_Penalty,0,4,"Roger Barcio",Male,18,Yes,Graduate,No,97206,"Home Office",Oregon,West
LP001131,IP43044,3941,2336,Semiurban,Y,Low_Class_Customer,2.5%,134,360,80,Penalty_Customer,0,3,"Parhena Norris",Male,64,Yes,Graduate,No,10009,"Home Office","New York",East
LP001136,IP43045,4695,0,Urban,Y,Low_Class_Customer,5.0%,96,0,760,No_Penalty,0,5,"Katherine Ducich",Male,63,Yes,"Not Graduate",Yes,94122,Consumer,California,West
LP001137,IP43046,3410,0,Urban,Y,Low_Class_Customer,5.0%,88,0,495,Penalty_Customer,0,4,"Elpida Rittenbach",Female,62,No,Graduate,No,55106,Corporate,Minnesota,North
LP001138,IP43047,5649,0,Urban,Y,Middle_Class_Customer,7.0%,44,360,197,Penalty_Customer,0,3,"Rick Bensley",Male,31,Yes,Graduate,No,60610,"Home Office",Illinois,North
LP001144,IP43048,5821,0,Urban,Y,Middle_Class_Customer,7.0%,144,360,151,Penalty_Customer,1,10,"Gary Zandusky",Male,55,Yes,Graduate,No,55901,Consumer,Minnesota,North
LP001146,IP43049,2645,3440,Urban,N,Low_Class_Customer,5.0%,120,360,733,Penalty_Customer,1,6,"Lena Cacioppo",Female,36,Yes,Graduate,No,80013,Consumer,Colorado,West
LP001151,IP43050,4000,2275,Semiurban,Y,Low_Class_Customer,2.5%,144,360,187,Penalty_Customer,0,4,"Janet Martin",Female,34,No,Graduate,No,28205,Consumer,"North Carolina",West
LP001155,IP43051,1928,1644,Semiurban,Y,Low_Class_Customer,2.5%,100,360,808,No_Penalty,0,3,"Pete Armstrong",Female,24,Yes,"Not Graduate",No,60462,"Home Office",Illinois,North
LP001157,IP43052,3086,0,Semiurban,Y,Low_Class_Customer,2.5%,120,360,475,Penalty_Customer,0,3,"Cynthia Voltz",Female,51,No,Graduate,No,10035,Corporate,"New York",East
LP001164,IP43053,4230,0,Semiurban,N,Low_Class_Customer,2.5%,112,360,359,Penalty_Customer,0,3,"Clay Ludtke",Female,28,No,Graduate,No,50322,Consumer,Iowa,North
LP001179,IP43054,4616,0,Urban,N,Low_Class_Customer,5.0%,134,360,716,Penalty_Customer,1,7,"Ryan Crowe",Male,52,Yes,Graduate,No,43229,Consumer,Ohio,East
LP001186,IP43055,11500,0,Urban,N,B_Grade_Customer,7.0%,286,360,546,Penalty_Customer,2,20,"Dave Kipp",Female,30,Yes,Graduate,Yes,98103,Consumer,Washington,West
LP001194,IP43056,2708,1167,Semiurban,Y,Low_Class_Customer,2.5%,97,360,509,Penalty_Customer,0,2,"Greg Guthrie",Male,33,Yes,Graduate,No,37620,Corporate,Tennessee,West
LP001195,IP43057,2132,1591,Semiurban,Y,Low_Class_Customer,2.5%,96,360,160,Penalty_Customer,0,2,"Steven Cartwright",Male,66,Yes,Graduate,No,19805,Consumer,Delaware,East
LP001197,IP43058,3366,2200,Rural,N,Low_Class_Customer,3.0%,135,360,186,Penalty_Customer,0,4,"Alan Dominguez",Male,62,Yes,Graduate,No,77041,"Home Office",Texas,North
LP001198,IP43059,8080,2250,Urban,Y,Middle_Class_Customer,7.0%,180,360,781,No_Penalty,1,13,"Philip Fox",Male,31,Yes,Graduate,No,61701,Consumer,Illinois,North
LP001199,IP43060,3357,2859,Urban,Y,Low_Class_Customer,5.0%,144,360,949,High_Cibil_Score,1,7,"Troy Staebel",Male,57,Yes,"Not Graduate",No,85023,Consumer,Arizona,West
LP001205,IP43061,2500,3796,Urban,Y,Low_Class_Customer,5.0%,120,360,629,Penalty_Customer,1,6,"Lindsay Shagiari",Male,60,Yes,Graduate,No,90004,"Home Office",California,West
LP001206,IP43062,3029,0,Urban,Y,Low_Class_Customer,5.0%,99,360,803,No_Penalty,0,5,"Dorothy Wardle",Male,52,Yes,Graduate,No,43229,Corporate,Ohio,East
LP001207,IP43063,2609,3449,Rural,N,Low_Class_Customer,3.0%,165,180,889,No_Penalty,0,5,"Lena Creighton",Male,48,Yes,"Not Graduate",Yes,95661,Consumer,California,West
LP001222,IP43065,4166,0,Semiurban,N,Low_Class_Customer,2.5%,116,360,924,High_Cibil_Score,0,3,"Sally Hughsby",Female,49,No,Graduate,No,94122,Corporate,California,West
LP001225,IP43066,5726,4595,Semiurban,N,Middle_Class_Customer,7.0%,258,360,261,Penalty_Customer,2,18,"Sandra Glassco",Male,61,Yes,Graduate,No,64055,Consumer,Missouri,North
LP001228,IP43067,3200,2254,Urban,N,Low_Class_Customer,5.0%,126,180,339,Penalty_Customer,1,6,"Helen Andreada",Male,18,No,"Not Graduate",No,91104,Consumer,California,West
LP001233,IP43068,10750,0,Urban,Y,B_Grade_Customer,7.0%,312,360,551,Penalty_Customer,2,22,"Maureen Gastineau",Male,61,Yes,Graduate,No,43055,"Home Office",Ohio,East
LP001238,IP43069,7100,0,Urban,Y,Middle_Class_Customer,7.0%,125,60,227,Penalty_Customer,1,9,"Justin Ellison",Male,50,Yes,"Not Graduate",Yes,53132,Corporate,Wisconsin,North
LP001241,IP43070,4300,0,Semiurban,N,Low_Class_Customer,2.5%,136,360,827,No_Penalty,0,3,"Tamara Willingham",Female,64,No,Graduate,No,85254,"Home Office",Arizona,West
LP001243,IP43071,3208,3066,Urban,Y,Low_Class_Customer,5.0%,172,360,240,Penalty_Customer,1,9,"Stephanie Phelps",Male,67,Yes,Graduate,No,95123,Corporate,California,West
LP001245,IP43072,1875,1875,Semiurban,Y,Low_Class_Customer,2.5%,97,360,245,Penalty_Customer,0,2,"Neil Knudson",Male,46,Yes,"Not Graduate",Yes,98105,"Home Office",Washington,West
LP001248,IP43073,3500,0,Semiurban,Y,Low_Class_Customer,2.5%,81,300,252,Penalty_Customer,0,2,"Dave Brooks",Male,26,No,Graduate,No,98115,Consumer,Washington,West
LP001250,IP43074,4755,0,Semiurban,N,Low_Class_Customer,2.5%,95,0,594,Penalty_Customer,0,2,"Nora Paige",Male,40,Yes,"Not Graduate",No,73034,Consumer,Oklahoma,North
LP001253,IP43075,5266,1774,Semiurban,Y,Middle_Class_Customer,7.0%,187,360,520,Penalty_Customer,1,13,"Ted Trevino",Male,67,Yes,Graduate,Yes,90045,Consumer,California,West
LP001255,IP43076,3750,0,Urban,N,Low_Class_Customer,5.0%,113,480,74,Penalty_Customer,0,6,"Eric Murdock",Male,51,No,Graduate,No,19134,Consumer,Pennsylvania,East
LP001256,IP43077,3750,4750,Urban,N,Low_Class_Customer,5.0%,176,360,492,Penalty_Customer,1,9,"Ruben Dartt",Male,39,No,Graduate,No,88220,Consumer,"New Mexico",West
LP001259,IP43078,1000,3022,Urban,N,Low_Class_Customer,5.0%,110,360,399,Penalty_Customer,0,6,"Max Jones",Male,69,Yes,Graduate,Yes,98115,Consumer,Washington,West
LP001263,IP43079,3167,4000,Semiurban,N,Low_Class_Customer,2.5%,180,300,342,Penalty_Customer,0,5,"Becky Martin",Male,31,Yes,Graduate,No,78207,Consumer,Texas,North
LP001264,IP43080,3333,2166,Semiurban,Y,Low_Class_Customer,2.5%,130,360,951,High_Cibil_Score,0,3,"Chad Sievert",Male,20,Yes,"Not Graduate",Yes,90004,Consumer,California,West
LP001265,IP43081,3846,0,Semiurban,Y,Low_Class_Customer,2.5%,111,360,431,Penalty_Customer,0,3,"Jennifer Braxton",Female,57,No,Graduate,No,60623,Corporate,Illinois,North
LP001267,IP43083,1378,1881,Urban,N,Low_Class_Customer,5.0%,167,360,309,Penalty_Customer,1,8,"Jim Kriz",Female,45,Yes,Graduate,No,10009,"Home Office","New York",East
LP001273,IP43084,6000,2250,Semiurban,N,Middle_Class_Customer,7.0%,265,360,393,Penalty_Customer,2,19,"David Kendrick",Male,45,Yes,Graduate,No,62521,Corporate,Illinois,North
LP001275,IP43085,3988,0,Urban,Y,Low_Class_Customer,5.0%,50,240,933,High_Cibil_Score,0,3,"Robert Marley",Male,61,Yes,Graduate,No,71203,"Home Office",Louisiana,West
LP001279,IP43086,2366,2531,Semiurban,Y,Low_Class_Customer,2.5%,136,360,720,Penalty_Customer,0,3,"Sally Knutson",Male,52,No,Graduate,No,6824,Consumer,Connecticut,East
LP001280,IP43087,3333,2000,Semiurban,Y,Low_Class_Customer,2.5%,99,360,985,High_Cibil_Score,0,2,"Frank Merwin",Male,43,Yes,"Not Graduate",No,90032,"Home Office",California,West
LP001282,IP43088,2500,2118,Semiurban,Y,Low_Class_Customer,2.5%,104,360,789,No_Penalty,0,3,"Alice McCarthy",Male,69,Yes,Graduate,No,75051,Corporate,Texas,North
LP001289,IP43089,8566,0,Urban,Y,Middle_Class_Customer,7.0%,210,360,611,Penalty_Customer,1,15,"Mark Packer",Male,49,No,Graduate,No,10035,"Home Office","New York",East
LP001310,IP43090,5695,4167,Semiurban,Y,Middle_Class_Customer,7.0%,175,360,429,Penalty_Customer,1,12,"Mary Zewe",Male,43,Yes,Graduate,No,92374,Corporate,California,West
LP001316,IP43091,2958,2900,Semiurban,Y,Low_Class_Customer,2.5%,131,360,497,Penalty_Customer,0,3,"Cassandra Brandow",Male,59,Yes,Graduate,No,45011,Consumer,Ohio,East
LP001318,IP43092,6250,5654,Semiurban,Y,Middle_Class_Customer,7.0%,188,180,71,Penalty_Customer,1,13,"Valerie Mitchum",Male,22,Yes,Graduate,No,7090,"Home Office","New Jersey",East
LP001319,IP43093,3273,1820,Urban,Y,Low_Class_Customer,5.0%,81,360,225,Penalty_Customer,0,4,"Fred Hopkins",Male,27,Yes,"Not Graduate",No,19120,Corporate,Pennsylvania,East
LP001322,IP43094,4133,0,Semiurban,Y,Low_Class_Customer,2.5%,122,360,148,Penalty_Customer,0,3,"Maria Bertelson",Male,62,No,Graduate,No,44312,Consumer,Ohio,East
LP001325,IP43095,3620,0,Semiurban,Y,Low_Class_Customer,2.5%,25,120,680,Penalty_Customer,0,1,"Bruce Stewart",Male,51,No,"Not Graduate",No,80219,Consumer,Colorado,West
LP001327,IP43097,2484,2302,Semiurban,Y,Low_Class_Customer,2.5%,137,360,558,Penalty_Customer,0,3,"Heather Kirkland",Female,62,Yes,Graduate,No,37064,Corporate,Tennessee,West
LP001333,IP43098,1977,997,Semiurban,Y,Low_Class_Customer,2.5%,50,360,994,High_Cibil_Score,0,1,"Laurel Elliston",Male,40,Yes,Graduate,No,90604,Consumer,California,West
LP001334,IP43099,4188,0,Semiurban,Y,Low_Class_Customer,2.5%,115,180,632,Penalty_Customer,0,3,"Joseph Holt",Male,25,Yes,"Not Graduate",No,48601,Consumer,Michigan,North
LP001343,IP43100,1759,3541,Semiurban,Y,Low_Class_Customer,2.5%,131,360,213,Penalty_Customer,0,3,"Michael Stewart",Male,41,Yes,Graduate,No,75220,Corporate,Texas,North
LP001345,IP43101,4288,3263,Urban,Y,Low_Class_Customer,5.0%,133,180,759,No_Penalty,1,7,"Victoria Wilson",Male,69,Yes,"Not Graduate",No,44256,Corporate,Ohio,East
LP001349,IP43102,4843,3806,Semiurban,Y,Low_Class_Customer,2.5%,151,360,263,Penalty_Customer,0,4,"Jonathan Howell",Male,61,No,Graduate,No,90032,Consumer,California,West
LP001357,IP43105,3816,754,Urban,Y,Low_Class_Customer,5.0%,160,360,200,Penalty_Customer,1,8,"Valerie Dominguez",Male,25,,Graduate,No,38401,Consumer,Tennessee,West
LP001367,IP43106,3052,1030,Urban,Y,Low_Class_Customer,5.0%,100,360,157,Penalty_Customer,0,5,"Erin Ashbrook",Male,43,Yes,Graduate,No,28205,Corporate,"North Carolina",West
LP001369,IP43107,11417,1126,Urban,Y,B_Grade_Customer,7.0%,225,360,636,Penalty_Customer,1,16,"David Bremer",Male,39,Yes,Graduate,No,95051,Corporate,California,West
LP001370,IP43108,7333,0,Rural,N,Middle_Class_Customer,7.0%,120,360,550,Penalty_Customer,1,8,"Ken Lonsdale",Male,48,No,"Not Graduate",NULL,60610,Consumer,Illinois,North
LP001379,IP43109,3800,3600,Urban,N,Low_Class_Customer,5.0%,216,360,231,Penalty_Customer,1,11,"Dianna Wilson",Male,68,Yes,Graduate,No,55044,"Home Office",Minnesota,North
LP001384,IP43110,2071,754,Semiurban,Y,Low_Class_Customer,2.5%,94,480,336,Penalty_Customer,0,2,"Logan Haushalter",Male,22,Yes,"Not Graduate",No,94109,Consumer,California,West
LP001385,IP43111,5316,0,Urban,Y,Middle_Class_Customer,7.0%,136,360,555,Penalty_Customer,1,10,"Kelly Collister",Male,68,No,Graduate,No,92037,Consumer,California,West
LP001387,IP43112,2929,2333,Semiurban,Y,Low_Class_Customer,2.5%,139,360,680,Penalty_Customer,0,3,"Delfina Latchford",Female,41,Yes,Graduate,NULL,10024,Consumer,"New York",East
LP001391,IP43113,3572,4114,Rural,N,Low_Class_Customer,3.0%,152,0,140,Penalty_Customer,0,5,"Dan Reichenbach",Male,54,Yes,"Not Graduate",No,60623,Corporate,Illinois,North
LP001398,IP43115,5050,0,Semiurban,Y,Middle_Class_Customer,7.0%,118,360,278,Penalty_Customer,1,8,"Dorris liebe",Male,63,No,Graduate,NULL,77506,Corporate,Texas,North
LP001401,IP43116,14583,0,Rural,Y,B_Grade_Customer,7.0%,185,180,478,Penalty_Customer,1,13,"Sean Braxton",Male,68,Yes,Graduate,No,77036,Corporate,Texas,North
LP001404,IP43117,3167,2283,Semiurban,Y,Low_Class_Customer,2.5%,154,360,919,High_Cibil_Score,0,4,"Roy Collins",Female,36,Yes,Graduate,No,60610,Consumer,Illinois,North
LP001405,IP43118,2214,1398,Urban,Y,Low_Class_Customer,5.0%,85,360,570,Penalty_Customer,0,4,"Alan Hwang",Male,41,Yes,Graduate,No,94513,Consumer,California,West
LP001421,IP43119,5568,2142,Rural,N,Middle_Class_Customer,7.0%,175,360,375,Penalty_Customer,1,12,"Claudia Bergmann",Male,24,Yes,Graduate,No,27514,Corporate,"North Carolina",West
LP001422,IP43120,10408,0,Urban,Y,B_Grade_Customer,7.0%,259,360,997,High_Cibil_Score,2,18,"Christine Abelman",Female,39,No,Graduate,No,45231,Corporate,Ohio,East
LP001426,IP43121,5667,2667,Rural,Y,Middle_Class_Customer,7.0%,180,360,731,Penalty_Customer,1,13,"Kristen Hastings",Male,67,Yes,Graduate,No,94110,Corporate,California,West
LP001430,IP43122,4166,0,Semiurban,Y,Low_Class_Customer,2.5%,44,360,483,Penalty_Customer,0,1,"Barry Blumstein",Female,23,No,Graduate,No,90301,Corporate,California,West
LP001431,IP43123,2137,8980,Semiurban,Y,Low_Class_Customer,2.5%,137,360,877,No_Penalty,0,3,"Andrew Gjertsen",Female,60,No,Graduate,No,19140,Corporate,Pennsylvania,East
LP001432,IP43124,2957,0,Semiurban,Y,Low_Class_Customer,2.5%,81,360,815,No_Penalty,0,2,"Jas O'Carroll",Male,31,Yes,Graduate,No,90004,Consumer,California,West
LP001439,IP43125,4300,2014,Rural,Y,Low_Class_Customer,3.0%,194,360,213,Penalty_Customer,0,6,"Alan Haines",Male,46,Yes,"Not Graduate",No,33319,Corporate,Florida,West
LP001443,IP43126,3692,0,Rural,Y,Low_Class_Customer,3.0%,93,360,403,Penalty_Customer,0,3,"Nick Zandusky",Female,66,No,Graduate,No,43229,"Home Office",Ohio,East
LP001448,IP43127,23803,0,Rural,Y,A_Grade_Customer,7.0%,370,360,249,Penalty_Customer,2,26,"Kelly Lampkin",Male,48,Yes,Graduate,No,80906,Corporate,Colorado,West
LP001451,IP43129,10513,3850,Urban,N,B_Grade_Customer,7.0%,160,180,929,High_Cibil_Score,1,11,"Corey Roper",Male,69,Yes,Graduate,Yes,8701,"Home Office","New Jersey",East
LP001465,IP43130,6080,2569,Rural,N,Middle_Class_Customer,7.0%,182,360,454,Penalty_Customer,1,13,"Shahid Hopkins",Male,38,Yes,Graduate,No,22204,Consumer,Virginia,West
LP001469,IP43131,20166,0,Urban,Y,A_Grade_Customer,7.0%,650,480,840,No_Penalty,4,46,"Ben Peterman",Male,21,No,Graduate,Yes,80004,Corporate,Colorado,West
LP001473,IP43132,2014,1929,Urban,Y,Low_Class_Customer,5.0%,74,360,208,Penalty_Customer,0,4,"Thomas Seio",Male,34,No,Graduate,No,7601,Corporate,"New Jersey",East
LP001478,IP43133,2718,0,Semiurban,Y,Low_Class_Customer,2.5%,70,360,353,Penalty_Customer,0,2,"Andy Gerbode",Male,32,No,Graduate,No,33710,Corporate,Florida,West
LP001482,IP43134,3459,0,Semiurban,Y,Low_Class_Customer,2.5%,25,120,926,High_Cibil_Score,0,1,"Sung Pak",Male,67,Yes,Graduate,Yes,19143,Corporate,Pennsylvania,East
LP001487,IP43135,4895,0,Semiurban,Y,Low_Class_Customer,2.5%,102,360,688,Penalty_Customer,0,3,"Nathan Mautz",Male,59,No,Graduate,No,10024,"Home Office","New York",East
LP001488,IP43136,4000,7750,Semiurban,N,Low_Class_Customer,2.5%,290,360,433,Penalty_Customer,1,7,"Frank Atkinson",Male,70,Yes,Graduate,No,90805,Corporate,California,West
LP001489,IP43137,4583,0,Rural,N,Low_Class_Customer,3.0%,84,360,113,Penalty_Customer,0,3,"Grace Kelly",Female,19,Yes,Graduate,No,92345,Corporate,California,West
LP001491,IP43138,3316,3500,Urban,Y,Low_Class_Customer,5.0%,88,360,129,Penalty_Customer,0,4,"Don Jones",Male,69,Yes,Graduate,Yes,37130,Corporate,Tennessee,West
LP001492,IP43139,14999,0,Semiurban,N,B_Grade_Customer,7.0%,242,360,663,Penalty_Customer,1,17,"Patrick O'Brill",Male,42,No,Graduate,No,19143,Consumer,Pennsylvania,East
LP001493,IP43140,4200,1430,Rural,N,Low_Class_Customer,3.0%,129,360,684,Penalty_Customer,0,4,"John Lucas",Male,19,Yes,"Not Graduate",No,19134,Consumer,Pennsylvania,East
LP001497,IP43141,5042,2083,Rural,N,Middle_Class_Customer,7.0%,185,360,266,Penalty_Customer,1,13,"Doug Bickford",Male,25,Yes,Graduate,No,90045,Consumer,California,West
LP001498,IP43142,5417,0,Urban,Y,Middle_Class_Customer,7.0%,168,360,883,No_Penalty,1,12,"Alyssa Crouse",Male,48,No,Graduate,No,94122,Corporate,California,West
LP001504,IP43143,6950,0,Semiurban,Y,Middle_Class_Customer,7.0%,175,180,465,Penalty_Customer,1,12,"Clay Cheatham",Male,27,No,Graduate,Yes,94122,Consumer,California,West
LP001507,IP43144,2698,2034,Semiurban,Y,Low_Class_Customer,2.5%,122,360,291,Penalty_Customer,0,3,"Tamara Dahlen",Male,48,Yes,Graduate,No,1852,Consumer,Massachusetts,East
LP001508,IP43145,11757,0,Urban,Y,B_Grade_Customer,7.0%,187,180,227,Penalty_Customer,1,13,"Adam Bellavance",Male,70,Yes,Graduate,No,10009,"Home Office","New York",East
LP001514,IP43146,2330,4486,Semiurban,Y,Low_Class_Customer,2.5%,100,360,923,High_Cibil_Score,0,3,"Jeremy Lonsdale",Female,20,Yes,Graduate,No,10035,Consumer,"New York",East
LP001516,IP43147,14866,0,Urban,Y,B_Grade_Customer,7.0%,70,360,129,Penalty_Customer,0,5,"Victoria Brennan",Female,53,Yes,Graduate,No,31907,Corporate,Georgia,West
LP001518,IP43148,1538,1425,Urban,Y,Low_Class_Customer,5.0%,30,360,142,Penalty_Customer,0,2,"Katrina Willman",Male,56,Yes,Graduate,No,10009,Consumer,"New York",East
LP001519,IP43149,10000,1666,Rural,N,B_Grade_Customer,7.0%,225,360,871,No_Penalty,1,16,"Julia Dunbar",Female,59,No,Graduate,No,94109,Consumer,California,West
LP001520,IP43150,4860,830,Semiurban,Y,Low_Class_Customer,2.5%,125,360,193,Penalty_Customer,0,3,"Michael Kennedy",Male,66,Yes,Graduate,No,6040,Corporate,Connecticut,East
LP001528,IP43151,6277,0,Rural,N,Middle_Class_Customer,7.0%,118,360,367,Penalty_Customer,1,8,"Guy Thornton",Male,47,No,Graduate,No,78550,Consumer,Texas,North
LP001529,IP43152,2577,3750,Rural,Y,Low_Class_Customer,3.0%,152,360,888,No_Penalty,0,5,"Arthur Gainer",Male,53,Yes,Graduate,Yes,85705,Consumer,Arizona,West
LP001531,IP43153,9166,0,Urban,N,B_Grade_Customer,7.0%,244,360,484,Penalty_Customer,1,17,"Muhammed MacIntyre",Male,59,No,Graduate,No,62301,Corporate,Illinois,North
LP001532,IP43154,2281,0,Rural,N,Low_Class_Customer,3.0%,113,360,390,Penalty_Customer,0,3,"Allen Rosenblatt",Male,25,Yes,"Not Graduate",No,2038,Corporate,Massachusetts,East
LP001535,IP43155,3254,0,Urban,Y,Low_Class_Customer,5.0%,50,360,940,High_Cibil_Score,0,3,"Russell Applegate",Male,36,No,Graduate,No,77095,Consumer,Texas,North
LP001536,IP43156,39999,0,Semiurban,Y,A_Grade_Customer,7.0%,600,180,738,Penalty_Customer,4,42,"Alejandro Savely",Male,50,Yes,Graduate,No,94109,Corporate,California,West
LP001541,IP43157,6000,0,Rural,Y,Middle_Class_Customer,7.0%,160,360,164,Penalty_Customer,1,11,"Laura Armstrong",Male,66,Yes,Graduate,No,48180,Corporate,Michigan,North
LP001543,IP43158,9538,0,Urban,Y,B_Grade_Customer,7.0%,187,360,483,Penalty_Customer,1,13,"Denny Ordway",Male,63,Yes,Graduate,No,33024,Consumer,Florida,West
LP001546,IP43159,2980,2083,Rural,Y,Low_Class_Customer,3.0%,120,360,424,Penalty_Customer,0,4,"Dean Katz",Male,30,No,Graduate,NULL,19140,Corporate,Pennsylvania,East
LP001552,IP43160,4583,5625,Semiurban,Y,Low_Class_Customer,2.5%,255,360,934,High_Cibil_Score,1,6,"Nathan Gelder",Male,35,Yes,Graduate,No,45231,Consumer,Ohio,East
LP001560,IP43161,1863,1041,Semiurban,Y,Low_Class_Customer,2.5%,98,360,805,No_Penalty,0,2,"Mike Vittorini",Male,33,Yes,"Not Graduate",No,10009,Consumer,"New York",East
LP001562,IP43162,7933,0,Urban,N,Middle_Class_Customer,7.0%,275,360,538,Penalty_Customer,2,19,"Jack Garza",Male,69,Yes,Graduate,No,98198,Consumer,Washington,West
LP001565,IP43163,3089,1280,Semiurban,N,Low_Class_Customer,2.5%,400,360,0,Penalty_Customer,1,10,"Bart Pistole",Male,36,Yes,Graduate,No,61604,Corporate,Illinois,North
LP001570,IP43164,4167,1447,Rural,Y,Low_Class_Customer,3.0%,158,360,82,Penalty_Customer,0,5,"Victor Preis",Male,57,Yes,Graduate,No,89115,"Home Office",Nevada,West
LP001572,IP43165,9323,0,Urban,Y,B_Grade_Customer,7.0%,75,180,227,Penalty_Customer,0,5,"Saphhira Shifley",Male,27,Yes,Graduate,No,2886,Corporate,"Rhode Island",East
LP001574,IP43166,3707,3166,Rural,Y,Low_Class_Customer,3.0%,182,0,471,Penalty_Customer,0,5,"Anna Gayman",Male,31,Yes,Graduate,No,77036,Consumer,Texas,North
LP001577,IP43167,4583,0,Rural,N,Low_Class_Customer,3.0%,112,360,330,Penalty_Customer,0,3,"Luke Foster",Female,64,Yes,Graduate,No,33180,Consumer,Florida,West
LP001578,IP43168,2439,3333,Rural,Y,Low_Class_Customer,3.0%,129,360,61,Penalty_Customer,0,4,"Roy Franzosisch",Male,30,Yes,Graduate,No,10024,Consumer,"New York",East
LP001579,IP43169,2237,0,Semiurban,N,Low_Class_Customer,2.5%,63,480,780,No_Penalty,0,2,"Keith Herrera",Male,18,No,Graduate,No,94110,Consumer,California,West
LP001580,IP43170,8000,0,Semiurban,Y,Middle_Class_Customer,7.0%,200,360,576,Penalty_Customer,1,14,"Kimberly Carter",Male,23,Yes,Graduate,No,98105,Corporate,Washington,West
LP001581,IP43171,1820,1769,Rural,Y,Low_Class_Customer,3.0%,95,360,258,Penalty_Customer,0,3,"Caroline Jumper",Male,70,Yes,"Not Graduate",NULL,92646,Consumer,California,West
LP001585,IP43172,51763,0,Urban,Y,A_Grade_Customer,7.0%,700,300,709,Penalty_Customer,4,49,"Philip Brown",Male,34,Yes,Graduate,No,90004,Consumer,California,West
LP001586,IP43173,3522,0,Rural,N,Low_Class_Customer,3.0%,81,180,662,Penalty_Customer,0,2,"Michael Paige",Male,60,Yes,"Not Graduate",No,1841,Corporate,Massachusetts,East
LP001594,IP43174,5708,5625,Semiurban,Y,Middle_Class_Customer,7.0%,187,360,371,Penalty_Customer,1,13,"Natalie Fritzler",Male,22,Yes,Graduate,No,39212,Consumer,Mississippi,West
LP001603,IP43175,4344,736,Semiurban,N,Low_Class_Customer,2.5%,87,360,710,Penalty_Customer,0,2,"Shirley Daniels",Male,46,Yes,"Not Graduate",Yes,10801,"Home Office","New York",East
LP001606,IP43176,3497,1964,Rural,Y,Low_Class_Customer,3.0%,116,360,606,Penalty_Customer,0,3,"Ken Heidel",Male,60,Yes,Graduate,No,78207,Corporate,Texas,North
LP001608,IP43177,2045,1619,Rural,Y,Low_Class_Customer,3.0%,101,360,789,No_Penalty,0,3,"Ross Baird",Male,50,Yes,Graduate,No,28052,"Home Office","North Carolina",West
LP001610,IP43178,5516,11300,Semiurban,N,Middle_Class_Customer,7.0%,495,360,793,No_Penalty,3,35,"Mike Kennedy",Male,70,Yes,Graduate,No,32216,Consumer,Florida,West
LP001616,IP43179,3750,0,Semiurban,Y,Low_Class_Customer,2.5%,116,360,473,Penalty_Customer,0,3,"Philisse Overcash",Male,41,Yes,Graduate,No,60623,"Home Office",Illinois,North
LP001630,IP43180,2333,1451,Urban,N,Low_Class_Customer,5.0%,102,480,440,Penalty_Customer,0,5,"Brenda Bowman",Male,27,No,"Not Graduate",No,77070,Corporate,Texas,North
LP001633,IP43181,6400,7250,Urban,N,Middle_Class_Customer,7.0%,180,360,283,Penalty_Customer,1,13,"Troy Blackwell",Male,37,Yes,Graduate,No,47201,Consumer,Indiana,North
LP001634,IP43182,1916,5063,Rural,N,Low_Class_Customer,3.0%,320,360,0,Penalty_Customer,1,10,"Raymond Buch",Male,26,No,Graduate,No,13021,Consumer,"New York",East
LP001636,IP43183,4600,0,Semiurban,Y,Low_Class_Customer,2.5%,73,180,433,Penalty_Customer,0,2,"Ed Braxton",Male,51,Yes,Graduate,No,44312,Corporate,Ohio,East
LP001637,IP43184,33846,0,Semiurban,N,A_Grade_Customer,7.0%,260,360,660,Penalty_Customer,2,18,"Sanjit Chand",Male,54,Yes,Graduate,No,94521,Consumer,California,West
LP001639,IP43185,3625,0,Semiurban,Y,Low_Class_Customer,2.5%,108,360,395,Penalty_Customer,0,3,"Tanja Norvell",Female,30,Yes,Graduate,No,85023,"Home Office",Arizona,West
LP001640,IP43186,39147,4750,Semiurban,Y,A_Grade_Customer,7.0%,120,360,72,Penalty_Customer,1,8,"Joni Sundaresam",Male,26,Yes,Graduate,Yes,60068,"Home Office",Illinois,North
LP001641,IP43187,2178,0,Rural,N,Low_Class_Customer,3.0%,66,300,794,No_Penalty,0,2,"Maya Herman",Male,32,Yes,Graduate,Yes,11757,Corporate,"New York",East
LP001643,IP43188,2383,2138,Rural,Y,Low_Class_Customer,3.0%,58,360,902,High_Cibil_Score,0,2,"Jeremy Pistek",Male,48,Yes,Graduate,No,94110,Consumer,California,West
LP001644,IP43189,674,5296,Rural,Y,Low_Class_Customer,3.0%,168,360,582,Penalty_Customer,0,5,"Jeremy Ellison",Male,69,Yes,Graduate,Yes,12180,Consumer,"New York",East
LP001647,IP43190,9328,0,Rural,Y,B_Grade_Customer,7.0%,188,180,264,Penalty_Customer,1,13,"John Grady",Male,34,Yes,Graduate,No,10024,Corporate,"New York",East
LP001653,IP43191,4885,0,Rural,Y,Low_Class_Customer,3.0%,48,360,700,Penalty_Customer,0,1,"Xylona Preis",Male,31,No,"Not Graduate",No,92024,Consumer,California,West
LP001656,IP43192,12000,0,Semiurban,N,B_Grade_Customer,7.0%,164,360,513,Penalty_Customer,1,11,"Erin Mull",Male,30,No,Graduate,No,10024,Consumer,"New York",East
LP001657,IP43193,6033,0,Urban,N,Middle_Class_Customer,7.0%,160,360,153,Penalty_Customer,1,11,"Michelle Tran",Male,51,Yes,"Not Graduate",No,90045,"Home Office",California,West
LP001658,IP43194,3858,0,Semiurban,Y,Low_Class_Customer,2.5%,76,360,500,Penalty_Customer,0,2,"Sue Ann Reed",Male,25,No,Graduate,No,60610,Consumer,Illinois,North
LP001664,IP43195,4191,0,Rural,Y,Low_Class_Customer,3.0%,120,360,114,Penalty_Customer,0,4,"Carl Weiss",Male,31,No,Graduate,No,77340,"Home Office",Texas,North
LP001665,IP43196,3125,2583,Semiurban,N,Low_Class_Customer,2.5%,170,360,932,High_Cibil_Score,0,4,"Astrea Jones",Male,70,Yes,Graduate,No,14609,Consumer,"New York",East
LP001666,IP43197,8333,3750,Rural,Y,Middle_Class_Customer,7.0%,187,360,537,Penalty_Customer,1,13,"Sonia Sunley",Male,19,No,Graduate,No,98115,Consumer,Washington,West
LP001669,IP43198,1907,2365,Urban,Y,Low_Class_Customer,5.0%,120,0,520,Penalty_Customer,1,6,"Rose O'Brian",Female,59,No,"Not Graduate",No,38109,Consumer,Tennessee,West
LP001671,IP43199,3416,2816,Semiurban,Y,Low_Class_Customer,2.5%,113,360,315,Penalty_Customer,0,3,"Maribeth Dona",Female,63,Yes,Graduate,No,72701,Consumer,Arkansas,West
LP001673,IP43200,11000,0,Urban,N,B_Grade_Customer,7.0%,83,360,507,Penalty_Customer,0,6,"Maribeth Yedwab",Male,41,No,Graduate,Yes,80134,Corporate,Colorado,West
LP001674,IP43201,2600,2500,Semiurban,Y,Low_Class_Customer,2.5%,90,360,420,Penalty_Customer,0,2,"Christopher Martinez",Male,49,Yes,"Not Graduate",No,30318,Consumer,Georgia,West
LP001677,IP43202,4923,0,Semiurban,Y,Low_Class_Customer,2.5%,166,360,289,Penalty_Customer,0,4,"Lynn Smith",Male,40,No,Graduate,No,64118,Consumer,Missouri,North
LP001688,IP43204,3500,1083,Urban,Y,Low_Class_Customer,5.0%,135,360,947,High_Cibil_Score,1,7,"Dean Braden",Male,51,Yes,"Not Graduate",No,77041,Consumer,Texas,North
LP001691,IP43205,3917,0,Semiurban,Y,Low_Class_Customer,2.5%,124,360,642,Penalty_Customer,0,3,"Matt Connell",Male,42,Yes,"Not Graduate",No,48234,Corporate,Michigan,North
LP001692,IP43206,4408,0,Semiurban,Y,Low_Class_Customer,2.5%,120,360,638,Penalty_Customer,0,3,"Brian Dahlen",Female,39,No,"Not Graduate",No,1841,Consumer,Massachusetts,East
LP001693,IP43207,3244,0,Urban,Y,Low_Class_Customer,5.0%,80,360,303,Penalty_Customer,0,4,"Patricia Hirasaki",Female,53,No,Graduate,No,33801,"Home Office",Florida,West
LP001698,IP43208,3975,2531,Rural,Y,Low_Class_Customer,3.0%,55,360,816,No_Penalty,0,2,"Mike Gockenbach",Male,22,No,"Not Graduate",No,19134,Consumer,Pennsylvania,East
LP001699,IP43209,2479,0,Urban,Y,Low_Class_Customer,5.0%,59,360,873,No_Penalty,0,3,"Karen Bern",Male,38,No,Graduate,No,90036,Corporate,California,West
LP001702,IP43210,3418,0,Semiurban,N,Low_Class_Customer,2.5%,127,360,80,Penalty_Customer,0,3,"Jasper Cacioppo",Male,58,No,Graduate,No,90032,Consumer,California,West
LP001708,IP43211,10000,0,Semiurban,N,B_Grade_Customer,7.0%,214,360,814,No_Penalty,1,15,"Rob Lucas",Female,47,No,Graduate,No,36116,Consumer,Alabama,West
LP001711,IP43212,3430,1250,Semiurban,N,Low_Class_Customer,2.5%,128,360,981,High_Cibil_Score,0,3,"Allen Armold",Male,32,Yes,Graduate,No,85204,Consumer,Arizona,West
LP001713,IP43213,7787,0,Urban,Y,Middle_Class_Customer,7.0%,240,360,728,Penalty_Customer,1,17,"Emily Phan",Male,65,Yes,Graduate,Yes,60653,Consumer,Illinois,North
LP001715,IP43214,5703,0,Rural,Y,Middle_Class_Customer,7.0%,130,360,738,Penalty_Customer,1,9,"Darren Koutras",Male,68,Yes,"Not Graduate",Yes,42420,Consumer,Kentucky,West
LP001716,IP43215,3173,3021,Urban,Y,Low_Class_Customer,5.0%,137,360,145,Penalty_Customer,1,7,"Bradley Drucker",Male,67,Yes,Graduate,No,54302,Consumer,Wisconsin,North
LP001720,IP43216,3850,983,Semiurban,Y,Low_Class_Customer,2.5%,100,360,753,No_Penalty,0,3,"Liz MacKendrick",Male,62,Yes,"Not Graduate",No,45503,Consumer,Ohio,East
LP001722,IP43217,150,1800,Rural,N,Low_Class_Customer,3.0%,135,360,249,Penalty_Customer,0,4,"Adrian Shami",Male,39,Yes,Graduate,No,10035,"Home Office","New York",East
LP001726,IP43218,3727,1775,Semiurban,Y,Low_Class_Customer,2.5%,131,360,237,Penalty_Customer,0,3,"Bill Donatelli",Male,22,Yes,Graduate,No,94110,Consumer,California,West
LP001732,IP43219,5000,0,Semiurban,N,Low_Class_Customer,7.0%,72,360,854,No_Penalty,0,5,"Greg Tran",Male,57,Yes,Graduate,NULL,77070,Consumer,Texas,North
LP001734,IP43220,4283,2383,Semiurban,Y,Low_Class_Customer,2.5%,127,360,751,No_Penalty,0,3,"Ashley Jarboe",Female,38,Yes,Graduate,No,28403,Consumer,"North Carolina",West
LP001736,IP43221,2221,0,Urban,N,Low_Class_Customer,5.0%,60,360,897,No_Penalty,0,3,"Olvera Toch",Male,20,Yes,Graduate,No,90045,Consumer,California,West
LP001743,IP43222,4009,1717,Semiurban,Y,Low_Class_Customer,2.5%,116,360,805,No_Penalty,0,3,"Liz Pelletier",Male,25,Yes,Graduate,No,94110,Consumer,California,West
LP001744,IP43223,2971,2791,Semiurban,Y,Low_Class_Customer,2.5%,144,360,637,Penalty_Customer,0,4,"Cynthia Arntzen",Male,40,No,Graduate,No,33614,Consumer,Florida,West
LP001749,IP43224,7578,1010,Semiurban,Y,Middle_Class_Customer,7.0%,175,0,56,Penalty_Customer,1,12,"Jeremy Farry",Male,38,Yes,Graduate,No,98105,Consumer,Washington,West
LP001750,IP43225,6250,0,Semiurban,Y,Middle_Class_Customer,7.0%,128,360,312,Penalty_Customer,1,9,"Frank Preis",Male,41,Yes,Graduate,No,90008,Consumer,California,West
LP001751,IP43226,3250,0,Rural,N,Low_Class_Customer,3.0%,170,360,931,High_Cibil_Score,0,5,"Ellis Ballard",Male,18,Yes,Graduate,No,98105,Corporate,Washington,West
LP001754,IP43227,4735,0,Urban,N,Low_Class_Customer,5.0%,138,360,662,Penalty_Customer,1,7,"Jennifer Ferguson",Male,21,Yes,"Not Graduate",Yes,10024,Consumer,"New York",East
LP001758,IP43228,6250,1695,Semiurban,Y,Middle_Class_Customer,7.0%,210,360,63,Penalty_Customer,1,15,"Sarah Foster",Male,60,Yes,Graduate,No,98270,Consumer,Washington,West
LP001760,IP43229,4758,0,Semiurban,Y,Low_Class_Customer,2.5%,158,480,108,Penalty_Customer,0,4,"Trudy Glocke",Male,36,,Graduate,No,90805,Consumer,California,West
LP001761,IP43230,6400,0,Rural,Y,Middle_Class_Customer,7.0%,200,360,982,High_Cibil_Score,1,14,"Carlos Soltero",Male,61,No,Graduate,Yes,60610,Consumer,Illinois,North
LP001765,IP43231,2491,2054,Semiurban,Y,Low_Class_Customer,2.5%,190,360,0,Penalty_Customer,0,5,"Charles Crestani",Male,61,Yes,Graduate,No,90004,Consumer,California,West
LP001768,IP43232,3716,0,Rural,Y,Low_Class_Customer,3.0%,42,180,414,Penalty_Customer,0,1,"Dianna Vittorini",Male,35,Yes,Graduate,NULL,80219,Consumer,Colorado,West
LP001770,IP43233,3189,2598,Rural,Y,Low_Class_Customer,3.0%,120,0,575,Penalty_Customer,0,4,"Bruce Degenhardt",Male,64,No,"Not Graduate",No,40475,Consumer,Kentucky,West
LP001776,IP43234,8333,0,Semiurban,Y,Middle_Class_Customer,7.0%,280,360,667,Penalty_Customer,2,20,"Zuschuss Carroll",Female,61,No,Graduate,No,97301,Consumer,Oregon,West
LP001778,IP43235,3155,1779,Semiurban,Y,Low_Class_Customer,2.5%,140,360,171,Penalty_Customer,0,4,"Melanie Seite",Male,68,Yes,Graduate,No,78041,Consumer,Texas,North
LP001784,IP43236,5500,1260,Rural,Y,Middle_Class_Customer,7.0%,170,360,819,No_Penalty,1,12,"Lena Radford",Male,58,Yes,Graduate,No,92024,Consumer,California,West
LP001786,IP43237,5746,0,Urban,N,Middle_Class_Customer,7.0%,255,360,392,Penalty_Customer,1,18,"Theone Pippenger",Male,42,Yes,Graduate,NULL,19134,Consumer,Pennsylvania,East
LP001788,IP43238,3463,0,Urban,Y,Low_Class_Customer,5.0%,122,360,129,Penalty_Customer,1,6,"Chloris Kastensmidt",Female,62,No,Graduate,Yes,19120,Consumer,Pennsylvania,East
LP001790,IP43239,3812,0,Rural,Y,Low_Class_Customer,3.0%,112,360,886,No_Penalty,0,3,"Alan Shonely",Female,60,No,Graduate,No,33614,Consumer,Florida,West
LP001792,IP43240,3315,0,Semiurban,Y,Low_Class_Customer,2.5%,96,360,808,No_Penalty,0,2,"Andrew Roberts",Male,57,Yes,Graduate,No,19134,Consumer,Pennsylvania,East
LP001798,IP43241,5819,5000,Rural,Y,Middle_Class_Customer,7.0%,120,360,668,Penalty_Customer,1,8,"Nona Balk",Male,49,Yes,Graduate,No,75217,Corporate,Texas,North
LP001800,IP43242,2510,1983,Urban,N,Low_Class_Customer,5.0%,140,180,783,No_Penalty,1,7,"Giulietta Dortch",Male,64,Yes,"Not Graduate",No,19143,Corporate,Pennsylvania,East
LP001806,IP43243,2965,5701,Urban,Y,Low_Class_Customer,5.0%,155,60,886,No_Penalty,1,8,"Clytie Kelty",Male,22,No,Graduate,No,43123,Consumer,Ohio,East
LP001807,IP43244,6250,1300,Rural,Y,Middle_Class_Customer,7.0%,108,360,659,Penalty_Customer,1,8,"Nat Gilpin",Male,30,Yes,Graduate,Yes,10011,Corporate,"New York",East
LP001811,IP43245,3406,4417,Semiurban,Y,Low_Class_Customer,2.5%,123,360,925,High_Cibil_Score,0,3,"Christina Anderson",Male,30,Yes,"Not Graduate",No,60610,Consumer,Illinois,North
LP001813,IP43246,6050,4333,Urban,N,Middle_Class_Customer,7.0%,120,180,366,Penalty_Customer,1,8,"Sylvia Foulston",Male,21,No,Graduate,Yes,48126,Corporate,Michigan,North
LP001814,IP43247,9703,0,Urban,Y,B_Grade_Customer,7.0%,112,360,871,No_Penalty,1,8,"Meg O'Connel",Male,50,Yes,Graduate,No,10009,"Home Office","New York",East
LP001819,IP43248,6608,0,Urban,Y,Middle_Class_Customer,7.0%,137,180,492,Penalty_Customer,1,10,"Annie Thurman",Male,37,Yes,"Not Graduate",No,98115,Consumer,Washington,West
LP001824,IP43249,2882,1843,Semiurban,Y,Low_Class_Customer,2.5%,123,480,472,Penalty_Customer,0,3,"Fred McMath",Male,57,Yes,Graduate,No,80013,Consumer,Colorado,West
LP001825,IP43250,1809,1868,Urban,Y,Low_Class_Customer,5.0%,90,360,216,Penalty_Customer,0,5,"Denny Joy",Male,30,Yes,Graduate,No,31088,Corporate,Georgia,West
LP001835,IP43251,1668,3890,Semiurban,N,Low_Class_Customer,2.5%,201,360,310,Penalty_Customer,0,5,"Max Engle",Male,66,Yes,"Not Graduate",No,80013,Consumer,Colorado,West
LP001836,IP43252,3427,0,Urban,N,Low_Class_Customer,5.0%,138,360,982,High_Cibil_Score,1,7,"Justin Deggeller",Female,39,No,Graduate,No,55407,Corporate,Minnesota,North
LP001841,IP43253,2583,2167,Rural,Y,Low_Class_Customer,3.0%,104,360,91,Penalty_Customer,0,3,"John Lee",Male,19,No,"Not Graduate",Yes,92691,Consumer,California,West
LP001843,IP43254,2661,7101,Semiurban,Y,Low_Class_Customer,2.5%,279,180,952,High_Cibil_Score,1,7,"Sean Christensen",Male,25,Yes,"Not Graduate",No,48307,Consumer,Michigan,North
LP001844,IP43255,16250,0,Urban,N,A_Grade_Customer,7.0%,192,360,793,No_Penalty,1,13,"Chuck Clark",Male,41,No,Graduate,Yes,47201,"Home Office",Indiana,North
LP001846,IP43256,3083,0,Rural,Y,Low_Class_Customer,3.0%,255,360,309,Penalty_Customer,1,8,"Anthony Rawles",Female,68,No,Graduate,No,98661,Corporate,Washington,West
LP001849,IP43257,6045,0,Rural,N,Middle_Class_Customer,7.0%,115,360,980,High_Cibil_Score,1,8,"Steven Roelle",Male,28,No,"Not Graduate",No,10024,"Home Office","New York",East
LP001854,IP43258,5250,0,Urban,N,Middle_Class_Customer,7.0%,94,360,425,Penalty_Customer,1,7,"Craig Reiter",Male,44,Yes,Graduate,No,43229,Consumer,Ohio,East
LP001859,IP43259,14683,2100,Rural,N,B_Grade_Customer,7.0%,304,360,243,Penalty_Customer,2,21,"Eugene Hildebrand",Male,57,Yes,Graduate,No,60505,"Home Office",Illinois,North
LP001864,IP43260,4931,0,Semiurban,N,Low_Class_Customer,2.5%,128,360,618,Penalty_Customer,0,3,"Sibella Parks",Male,61,Yes,"Not Graduate",No,10011,Corporate,"New York",East
LP001865,IP43261,6083,4250,Urban,Y,Middle_Class_Customer,7.0%,330,360,291,Penalty_Customer,2,23,"Tiffany House",Male,41,Yes,Graduate,No,75081,Corporate,Texas,North
LP001868,IP43262,2060,2209,Semiurban,Y,Low_Class_Customer,2.5%,134,360,418,Penalty_Customer,0,3,"Resi Polking",Male,19,No,Graduate,No,44105,Consumer,Ohio,East
LP001870,IP43263,3481,0,Semiurban,N,Low_Class_Customer,2.5%,155,36,245,Penalty_Customer,0,4,"Rob Beeghly",Female,50,No,Graduate,No,47201,Consumer,Indiana,North
LP001871,IP43264,7200,0,Rural,Y,Middle_Class_Customer,7.0%,120,360,475,Penalty_Customer,1,8,"Carol Darley",Female,45,No,Graduate,No,75701,Consumer,Texas,North
LP001872,IP43265,5166,0,Semiurban,Y,Middle_Class_Customer,7.0%,128,360,583,Penalty_Customer,1,9,"Doug Jacobs",Male,70,No,Graduate,Yes,10024,Consumer,"New York",East
LP001875,IP43266,4095,3447,Rural,Y,Low_Class_Customer,3.0%,151,360,387,Penalty_Customer,0,5,"Grant Thornton",Male,22,No,Graduate,No,27217,Corporate,"North Carolina",West
LP001877,IP43267,4708,1387,Semiurban,Y,Low_Class_Customer,2.5%,150,360,292,Penalty_Customer,0,4,"Michael Chen",Male,58,Yes,Graduate,No,39212,Consumer,Mississippi,West
LP001882,IP43268,4333,1811,Urban,Y,Low_Class_Customer,5.0%,160,360,56,Penalty_Customer,1,8,"Ralph Arnett",Male,27,Yes,Graduate,No,10035,Consumer,"New York",East
LP001883,IP43269,3418,0,Rural,N,Low_Class_Customer,3.0%,135,360,732,Penalty_Customer,0,4,"Naresj Patel",Female,20,No,Graduate,NULL,22980,Consumer,Virginia,West
LP001884,IP43270,2876,1560,Urban,Y,Low_Class_Customer,5.0%,90,360,70,Penalty_Customer,0,5,"Alan Barnes",Female,50,No,Graduate,No,90036,Consumer,California,West
LP001888,IP43271,3237,0,Urban,Y,Low_Class_Customer,5.0%,30,360,438,Penalty_Customer,0,2,"Jesus Ocampo",Female,48,No,Graduate,No,19013,"Home Office",Pennsylvania,East
LP001891,IP43272,11146,0,Urban,Y,B_Grade_Customer,7.0%,136,360,568,Penalty_Customer,1,10,"Jay Kimmel",Male,61,Yes,Graduate,No,90805,Consumer,California,West
LP001892,IP43273,2833,1857,Rural,Y,Low_Class_Customer,3.0%,126,360,166,Penalty_Customer,0,4,"Brad Norvell",Male,45,No,Graduate,No,27511,Corporate,"North Carolina",West
LP001894,IP43274,2620,2223,Semiurban,Y,Low_Class_Customer,2.5%,150,360,952,High_Cibil_Score,0,4,"David Philippe",Male,22,Yes,Graduate,No,10035,Consumer,"New York",East
LP001896,IP43275,3900,0,Semiurban,Y,Low_Class_Customer,2.5%,90,360,763,No_Penalty,0,2,"Tracy Hopkins",Male,53,Yes,Graduate,No,10035,"Home Office","New York",East
LP001900,IP43276,2750,1842,Semiurban,Y,Low_Class_Customer,2.5%,115,360,999,High_Cibil_Score,0,3,"Arthur Prichep",Male,35,Yes,Graduate,No,32137,Consumer,Florida,West
LP001903,IP43277,3993,3274,Semiurban,Y,Low_Class_Customer,2.5%,207,360,468,Penalty_Customer,0,5,"Roland Schwarz",Male,37,Yes,Graduate,No,10550,Corporate,"New York",East
LP001904,IP43278,3103,1300,Urban,Y,Low_Class_Customer,5.0%,80,360,201,Penalty_Customer,0,4,"Seth Vernon",Male,46,Yes,Graduate,No,19901,Consumer,Delaware,East
LP001907,IP43279,14583,0,Semiurban,Y,B_Grade_Customer,7.0%,436,360,398,Penalty_Customer,3,31,"Christine Kargatis",Male,70,Yes,Graduate,No,84057,"Home Office",Utah,West
LP001908,IP43280,4100,0,Rural,Y,Low_Class_Customer,3.0%,124,360,320,Penalty_Customer,0,4,"Ross DeVincentis",Female,60,Yes,"Not Graduate",No,90045,"Home Office",California,West
LP001910,IP43281,4053,2426,Urban,N,Low_Class_Customer,5.0%,158,360,932,High_Cibil_Score,1,8,"Mathew Reese",Male,62,No,"Not Graduate",Yes,19140,"Home Office",Pennsylvania,East
LP001914,IP43282,3927,800,Semiurban,Y,Low_Class_Customer,2.5%,112,360,641,Penalty_Customer,0,3,"Steve Chapman",Male,45,Yes,Graduate,No,33012,Corporate,Florida,West
LP001915,IP43283,2301,986,Urban,Y,Low_Class_Customer,5.0%,78,180,818,No_Penalty,0,4,"Jay Fein",Male,18,Yes,Graduate,No,78745,Consumer,Texas,North
LP001917,IP43284,1811,1666,Urban,Y,Low_Class_Customer,5.0%,54,360,592,Penalty_Customer,0,3,"Emily Grady",Female,32,No,Graduate,No,11572,Consumer,"New York",East
LP001924,IP43286,3158,3053,Rural,Y,Low_Class_Customer,3.0%,89,360,760,No_Penalty,0,3,"Phillina Ober",Male,42,No,Graduate,No,60540,"Home Office",Illinois,North
LP001925,IP43287,2600,1717,Semiurban,N,Low_Class_Customer,2.5%,99,300,497,Penalty_Customer,0,2,"Sung Shariari",Female,48,No,Graduate,Yes,75220,Consumer,Texas,North
LP001926,IP43288,3704,2000,Rural,Y,Low_Class_Customer,3.0%,120,360,55,Penalty_Customer,0,4,"Peter Buhler",Male,38,Yes,Graduate,No,60201,Consumer,Illinois,North
LP001931,IP43289,4124,0,Semiurban,Y,Low_Class_Customer,2.5%,115,360,447,Penalty_Customer,0,3,"Roland Fjeld",Female,67,No,Graduate,No,48183,Consumer,Michigan,North
LP001935,IP43290,9508,0,Rural,Y,B_Grade_Customer,7.0%,187,360,718,Penalty_Customer,1,13,"Yoseph Carroll",Male,60,No,Graduate,No,94110,Corporate,California,West
LP001936,IP43291,3075,2416,Rural,Y,Low_Class_Customer,3.0%,139,360,560,Penalty_Customer,0,4,"Debra Catini",Male,59,Yes,Graduate,No,55016,Consumer,Minnesota,North
LP001938,IP43292,4400,0,Semiurban,N,Low_Class_Customer,2.5%,127,360,574,Penalty_Customer,0,3,"Christine Phan",Male,27,Yes,Graduate,No,10009,Corporate,"New York",East
LP001940,IP43293,3153,1560,Urban,Y,Low_Class_Customer,5.0%,134,360,172,Penalty_Customer,1,7,"Barry Franzosisch",Male,46,Yes,Graduate,No,54302,Corporate,Wisconsin,North
LP001945,IP43294,5417,0,Urban,N,Middle_Class_Customer,7.0%,143,480,231,Penalty_Customer,1,10,"Lisa Hazard",Female,26,No,Graduate,No,43229,Consumer,Ohio,East
LP001947,IP43295,2383,3334,Semiurban,Y,Low_Class_Customer,2.5%,172,360,152,Penalty_Customer,0,4,"Chris Selesnick",Male,31,Yes,Graduate,No,71111,Corporate,Louisiana,West
LP001949,IP43296,4416,1250,Urban,Y,Low_Class_Customer,5.0%,110,360,702,Penalty_Customer,0,6,"Anthony Johnson",Male,51,Yes,Graduate,NULL,33710,Corporate,Florida,West
LP001953,IP43297,6875,0,Semiurban,Y,Middle_Class_Customer,7.0%,200,360,703,Penalty_Customer,1,14,"Benjamin Venier",Male,69,Yes,Graduate,No,50315,Corporate,Iowa,North
LP001954,IP43298,4666,0,Urban,Y,Low_Class_Customer,5.0%,135,360,650,Penalty_Customer,1,7,"Dan Lawera",Female,47,Yes,Graduate,No,45231,Consumer,Ohio,East
LP001955,IP43299,5000,2541,Rural,N,Low_Class_Customer,7.0%,151,480,587,Penalty_Customer,1,11,"Bryan Mills",Female,19,No,Graduate,No,43229,Consumer,Ohio,East
LP001963,IP43300,2014,2925,Urban,N,Low_Class_Customer,5.0%,113,360,642,Penalty_Customer,0,6,"Liz Thompson",Male,51,Yes,Graduate,No,93534,Consumer,California,West
LP001964,IP43301,1800,2934,Urban,N,Low_Class_Customer,5.0%,93,360,918,High_Cibil_Score,0,5,"Joe Kamberova",Male,55,Yes,"Not Graduate",No,28806,Consumer,"North Carolina",West
LP001972,IP43302,2875,1750,Semiurban,Y,Low_Class_Customer,2.5%,105,360,405,Penalty_Customer,0,3,"Erica Smith",Male,59,Yes,"Not Graduate",No,94110,Consumer,California,West
LP001974,IP43303,5000,0,Rural,Y,Low_Class_Customer,7.0%,132,360,359,Penalty_Customer,1,9,"Rick Hansen",Female,19,No,Graduate,No,55901,Consumer,Minnesota,North
LP001977,IP43304,1625,1803,Urban,Y,Low_Class_Customer,5.0%,96,360,53,Penalty_Customer,0,5,"Carlos Daly",Male,48,Yes,Graduate,No,92530,Consumer,California,West
LP001978,IP43305,4000,2500,Rural,Y,Low_Class_Customer,3.0%,140,360,98,Penalty_Customer,0,4,"Helen Wasserman",Male,50,No,Graduate,No,92105,Corporate,California,West
LP001993,IP43307,3762,1666,Rural,Y,Low_Class_Customer,3.0%,135,360,268,Penalty_Customer,0,4,"Gary McGarr",Female,38,No,Graduate,No,94122,Consumer,California,West
LP001994,IP43308,2400,1863,Urban,N,Low_Class_Customer,5.0%,104,360,147,Penalty_Customer,0,5,"Pauline Johnson",Female,25,No,Graduate,No,92704,Consumer,California,West
LP001996,IP43309,20233,0,Rural,N,A_Grade_Customer,7.0%,480,360,362,Penalty_Customer,3,34,"Bart Watters",Male,48,No,Graduate,No,53209,Corporate,Wisconsin,North
LP001998,IP43310,7667,0,Rural,Y,Middle_Class_Customer,7.0%,185,360,361,Penalty_Customer,1,13,"Toby Ritter",Male,56,Yes,"Not Graduate",No,7109,Consumer,"New Jersey",East
LP002002,IP43311,2917,0,Semiurban,Y,Low_Class_Customer,2.5%,84,360,622,Penalty_Customer,0,2,"Patrick Gardner",Female,40,No,Graduate,No,94110,Consumer,California,West
LP002004,IP43312,2927,2405,Semiurban,Y,Low_Class_Customer,2.5%,111,360,116,Penalty_Customer,0,3,"James Lanier",Male,32,No,"Not Graduate",No,38401,"Home Office",Tennessee,West
LP002006,IP43313,2507,0,Rural,Y,Low_Class_Customer,3.0%,56,360,958,High_Cibil_Score,0,2,"Brian Moss",Female,18,No,Graduate,No,10035,Corporate,"New York",East
LP002008,IP43314,5746,0,Rural,Y,Middle_Class_Customer,7.0%,144,84,555,Penalty_Customer,1,10,"Eudokia Martin",Male,66,Yes,Graduate,Yes,90036,Corporate,California,West
LP002024,IP43315,2473,1843,Rural,N,Low_Class_Customer,3.0%,159,360,713,Penalty_Customer,0,5,"Art Foster",Female,37,Yes,Graduate,No,40214,Consumer,Kentucky,West
LP002031,IP43316,3399,1640,Urban,Y,Low_Class_Customer,5.0%,111,180,56,Penalty_Customer,0,6,"Guy Armstrong",Male,38,Yes,"Not Graduate",No,44052,Consumer,Ohio,East
LP002035,IP43317,3717,0,Semiurban,Y,Low_Class_Customer,2.5%,120,360,930,High_Cibil_Score,0,3,"Cyma Kinney",Male,27,Yes,Graduate,No,7036,Corporate,"New Jersey",East
LP002036,IP43318,2058,2134,Urban,Y,Low_Class_Customer,5.0%,88,360,126,Penalty_Customer,0,4,"Dave Poirier",Male,47,Yes,Graduate,No,93905,Corporate,California,West
LP002043,IP43319,3541,0,Semiurban,Y,Low_Class_Customer,2.5%,112,360,697,Penalty_Customer,0,3,"Berenike Kampe",Female,21,No,Graduate,No,10035,Consumer,"New York",East
LP002050,IP43320,10000,0,Rural,N,B_Grade_Customer,7.0%,155,360,285,Penalty_Customer,1,11,"Sanjit Jacobs",Male,28,Yes,Graduate,Yes,8901,"Home Office","New Jersey",East
LP002051,IP43321,2400,2167,Semiurban,Y,Low_Class_Customer,2.5%,115,360,654,Penalty_Customer,0,3,"Chuck Magee",Male,42,Yes,Graduate,No,94122,Consumer,California,West
LP002053,IP43322,4342,189,Semiurban,Y,Low_Class_Customer,2.5%,124,360,953,High_Cibil_Score,0,3,"Anthony Jacobs",Male,51,Yes,Graduate,No,22153,Corporate,Virginia,West
LP002055,IP43324,3166,2985,Rural,Y,Low_Class_Customer,3.0%,132,360,381,Penalty_Customer,0,4,"Guy Phonely",Female,65,No,Graduate,No,17602,Corporate,Pennsylvania,East
LP002065,IP43325,15000,0,Rural,Y,B_Grade_Customer,7.0%,300,360,819,No_Penalty,2,21,"Paul Knutson",Male,29,Yes,Graduate,No,19143,"Home Office",Pennsylvania,East
LP002067,IP43326,8666,4983,Rural,N,Middle_Class_Customer,7.0%,376,360,373,Penalty_Customer,2,26,"Sally Matthias",Male,65,Yes,Graduate,Yes,10009,Consumer,"New York",East
LP002068,IP43327,4917,0,Rural,Y,Low_Class_Customer,3.0%,130,360,324,Penalty_Customer,0,4,"Anthony Garverick",Male,42,No,Graduate,No,19120,"Home Office",Pennsylvania,East
LP002082,IP43328,5818,2160,Semiurban,Y,Middle_Class_Customer,7.0%,184,360,900,No_Penalty,1,13,"Peter McVee",Male,25,Yes,Graduate,Yes,48227,"Home Office",Michigan,North
LP002086,IP43329,4333,2451,Urban,N,Low_Class_Customer,5.0%,110,360,503,Penalty_Customer,0,6,"Lauren Leatherbury",Female,65,Yes,Graduate,No,14609,Consumer,"New York",East
LP002087,IP43330,2500,0,Urban,Y,Low_Class_Customer,5.0%,67,360,524,Penalty_Customer,0,3,"Jill Stevenson",Female,55,No,Graduate,No,90045,Corporate,California,West
LP002097,IP43331,4384,1793,Urban,Y,Low_Class_Customer,5.0%,117,360,139,Penalty_Customer,0,6,"Ed Ludwig",Male,41,No,Graduate,No,21044,"Home Office",Maryland,East
LP002098,IP43332,2935,0,Semiurban,Y,Low_Class_Customer,2.5%,98,360,317,Penalty_Customer,0,2,"Pamela Coakley",Male,68,No,Graduate,No,94122,Corporate,California,West
LP002100,IP43333,2833,0,Urban,Y,Low_Class_Customer,5.0%,71,360,868,No_Penalty,0,4,"Hunter Lopez",Male,20,No,Graduate,No,77095,Consumer,Texas,North
LP002101,IP43334,63337,0,Urban,Y,A_Grade_Customer,7.0%,490,180,555,Penalty_Customer,3,34,"Maribeth Schnelling",Male,38,Yes,Graduate,NULL,48227,Consumer,Michigan,North
LP002103,IP43335,9833,1833,Urban,Y,B_Grade_Customer,7.0%,182,180,440,Penalty_Customer,1,13,"George Bell",Female,23,Yes,Graduate,Yes,13021,Corporate,"New York",East
LP002106,IP43336,5503,4490,Semiurban,Y,Middle_Class_Customer,7.0%,70,0,401,Penalty_Customer,0,5,"Justin Ritter",Male,28,Yes,Graduate,Yes,45503,Corporate,Ohio,East
LP002110,IP43337,5250,688,Rural,Y,Middle_Class_Customer,7.0%,160,360,389,Penalty_Customer,1,11,"Bill Eplett",Male,21,Yes,Graduate,NULL,49201,"Home Office",Michigan,North
LP002112,IP43338,2500,4600,Rural,Y,Low_Class_Customer,3.0%,176,360,979,High_Cibil_Score,0,5,"Sample Company A",Male,36,Yes,Graduate,Yes,6360,"Home Office",Connecticut,East
LP002114,IP43340,4160,0,Semiurban,Y,Low_Class_Customer,2.5%,71,360,895,No_Penalty,0,2,"Sanjit Engle",Female,29,No,Graduate,No,10009,Consumer,"New York",East
LP002115,IP43341,2647,1587,Rural,N,Low_Class_Customer,3.0%,173,360,365,Penalty_Customer,0,5,"Adam Hart",Male,27,Yes,"Not Graduate",No,10011,Corporate,"New York",East
LP002116,IP43342,2378,0,Rural,N,Low_Class_Customer,3.0%,46,360,258,Penalty_Customer,0,1,"Jessica Myrick",Female,47,No,Graduate,No,19143,Consumer,Pennsylvania,East
LP002119,IP43343,4554,1229,Urban,Y,Low_Class_Customer,5.0%,158,360,735,Penalty_Customer,1,8,"Joel Jenkins",Male,23,Yes,"Not Graduate",No,22153,"Home Office",Virginia,West
LP002126,IP43344,3173,0,Semiurban,Y,Low_Class_Customer,2.5%,74,360,90,Penalty_Customer,0,2,"Ralph Kennedy",Male,69,Yes,"Not Graduate",No,19140,Consumer,Pennsylvania,East
LP002128,IP43345,2583,2330,Rural,Y,Low_Class_Customer,3.0%,125,360,453,Penalty_Customer,0,4,"Catherine Glotzbach",Male,67,Yes,Graduate,NULL,19120,"Home Office",Pennsylvania,East
LP002129,IP43346,2499,2458,Semiurban,Y,Low_Class_Customer,2.5%,160,360,840,No_Penalty,0,4,"Rachel Payne",Male,35,Yes,Graduate,No,92503,Corporate,California,West
LP002130,IP43347,3523,3230,Rural,N,Low_Class_Customer,3.0%,152,360,319,Penalty_Customer,0,5,"Karen Carlisle",Male,56,Yes,"Not Graduate",No,94110,Corporate,California,West
LP002131,IP43348,3083,2168,Urban,Y,Low_Class_Customer,5.0%,126,360,294,Penalty_Customer,1,6,"Katherine Hughes",Male,23,Yes,"Not Graduate",No,19143,Consumer,Pennsylvania,East
LP002137,IP43349,6333,4583,Semiurban,Y,Middle_Class_Customer,7.0%,259,360,634,Penalty_Customer,2,18,"Greg Hansen",Male,58,Yes,Graduate,No,78664,Consumer,Texas,North
LP002138,IP43350,2625,6250,Rural,Y,Low_Class_Customer,3.0%,187,360,544,Penalty_Customer,0,6,"Scott Williamson",Male,29,Yes,Graduate,No,39212,Consumer,Mississippi,West
LP002139,IP43351,9083,0,Semiurban,Y,B_Grade_Customer,7.0%,228,360,655,Penalty_Customer,1,16,"Joseph Airdo",Male,53,Yes,Graduate,No,85023,Consumer,Arizona,West
LP002140,IP43352,8750,4167,Rural,N,Middle_Class_Customer,7.0%,308,360,308,Penalty_Customer,2,22,"Daniel Lacy",Male,29,No,Graduate,No,92054,Consumer,California,West
LP002141,IP43353,2666,2083,Rural,Y,Low_Class_Customer,3.0%,95,360,102,Penalty_Customer,0,3,"Lindsay Williams",Male,65,Yes,Graduate,No,94110,Corporate,California,West
LP002142,IP43354,5500,0,Rural,N,Middle_Class_Customer,7.0%,105,360,878,No_Penalty,1,7,"Thomas Brumley",Female,54,Yes,Graduate,Yes,72701,"Home Office",Arkansas,West
LP002143,IP43355,2423,505,Semiurban,Y,Low_Class_Customer,2.5%,130,360,861,No_Penalty,0,3,"Bryan Spruell",Female,67,Yes,Graduate,No,10011,"Home Office","New York",East
LP002144,IP43356,3813,0,Urban,Y,Low_Class_Customer,5.0%,116,180,766,No_Penalty,0,6,"Robert Waldorf",Female,55,No,Graduate,No,28403,Consumer,"North Carolina",West
LP002149,IP43357,8333,3167,Rural,Y,Middle_Class_Customer,7.0%,165,360,951,High_Cibil_Score,1,12,"Tracy Zic",Male,30,Yes,Graduate,No,80027,Consumer,Colorado,West
LP002151,IP43358,3875,0,Urban,N,Low_Class_Customer,5.0%,67,360,799,No_Penalty,0,3,"Ann Steele",Male,60,Yes,Graduate,No,77506,"Home Office",Texas,North
LP002158,IP43359,3000,1666,Urban,N,Low_Class_Customer,5.0%,100,480,397,Penalty_Customer,0,5,"Toby Swindell",Male,39,Yes,"Not Graduate",No,77041,Consumer,Texas,North
LP002160,IP43360,5167,3167,Semiurban,Y,Middle_Class_Customer,7.0%,200,360,253,Penalty_Customer,1,14,"Sara Luxemburg",Male,58,Yes,Graduate,No,32216,"Home Office",Florida,West
LP002161,IP43361,4723,0,Semiurban,N,Low_Class_Customer,2.5%,81,360,148,Penalty_Customer,0,2,"Mitch Willingham",Female,44,No,Graduate,No,23464,Corporate,Virginia,West
LP002170,IP43362,5000,3667,Semiurban,Y,Low_Class_Customer,7.0%,236,360,675,Penalty_Customer,1,17,"Rob Dowd",Male,60,Yes,Graduate,No,42420,Consumer,Kentucky,West
LP002175,IP43363,4750,2333,Urban,Y,Low_Class_Customer,5.0%,130,360,978,High_Cibil_Score,1,7,"Ryan Akin",Male,57,Yes,Graduate,No,92563,Consumer,California,West
LP002178,IP43364,3013,3033,Urban,Y,Low_Class_Customer,5.0%,95,300,161,Penalty_Customer,0,5,"Meg Tillman",Male,67,Yes,Graduate,No,85254,Consumer,Arizona,West
LP002180,IP43365,6822,0,Rural,Y,Middle_Class_Customer,7.0%,141,360,234,Penalty_Customer,1,10,"Vivek Gonzalez",Male,42,No,Graduate,Yes,92037,Consumer,California,West
LP002181,IP43366,6216,0,Rural,N,Middle_Class_Customer,7.0%,133,360,869,No_Penalty,1,9,"John Stevenson",Male,47,No,"Not Graduate",No,98103,Consumer,Washington,West
LP002187,IP43367,2500,0,Semiurban,N,Low_Class_Customer,2.5%,96,480,701,Penalty_Customer,0,2,"Kalyca Meade",Male,47,No,Graduate,No,10011,Corporate,"New York",East
LP002188,IP43368,5124,0,Rural,N,Middle_Class_Customer,7.0%,124,0,98,Penalty_Customer,1,9,"Hallie Redmond",Male,48,No,Graduate,No,90045,"Home Office",California,West
LP002190,IP43369,6325,0,Semiurban,Y,Middle_Class_Customer,7.0%,175,360,435,Penalty_Customer,1,12,"Deanra Eno",Male,53,Yes,Graduate,No,45503,"Home Office",Ohio,East
LP002191,IP43370,19730,5266,Rural,N,A_Grade_Customer,7.0%,570,360,323,Penalty_Customer,3,40,"Allen Goldenen",Male,25,Yes,Graduate,No,45231,Consumer,Ohio,East
LP002194,IP43371,15759,0,Semiurban,Y,A_Grade_Customer,7.0%,55,360,331,Penalty_Customer,0,4,"Jennifer Jackson",Female,37,No,Graduate,Yes,90004,Consumer,California,West
LP002197,IP43372,5185,0,Semiurban,Y,Middle_Class_Customer,7.0%,155,360,736,Penalty_Customer,1,11,"Jennifer Halladay",Male,60,Yes,Graduate,No,27217,Consumer,"North Carolina",West
LP002201,IP43373,9323,7873,Rural,Y,B_Grade_Customer,7.0%,380,300,831,No_Penalty,2,27,"Robert Dilbeck",Male,42,Yes,Graduate,Yes,63376,"Home Office",Missouri,North
LP002205,IP43374,3062,1987,Urban,N,Low_Class_Customer,5.0%,111,180,699,Penalty_Customer,0,6,"Mary O'Rourke",Male,53,No,Graduate,No,10035,Consumer,"New York",East
LP002209,IP43375,2764,1459,Urban,Y,Low_Class_Customer,5.0%,110,360,697,Penalty_Customer,0,6,"Noel Staavos",Female,27,No,Graduate,NULL,60610,Corporate,Illinois,North
LP002211,IP43376,4817,923,Urban,Y,Low_Class_Customer,5.0%,120,180,846,No_Penalty,1,6,"Deirdre Greer",Male,46,Yes,Graduate,No,19134,Corporate,Pennsylvania,East
LP002219,IP43377,8750,4996,Rural,Y,Middle_Class_Customer,7.0%,130,360,158,Penalty_Customer,1,9,"Nicole Fjeld",Male,58,Yes,Graduate,No,10009,"Home Office","New York",East
LP002223,IP43378,4310,0,Semiurban,Y,Low_Class_Customer,2.5%,130,360,908,High_Cibil_Score,0,3,"Matthew Grinstein",Male,65,Yes,Graduate,No,19143,"Home Office",Pennsylvania,East
LP002224,IP43379,3069,0,Urban,N,Low_Class_Customer,5.0%,71,480,317,Penalty_Customer,0,4,"Theresa Swint",Male,38,No,Graduate,No,43615,Corporate,Ohio,East
LP002225,IP43380,5391,0,Urban,Y,Middle_Class_Customer,7.0%,130,360,203,Penalty_Customer,1,9,"Brian DeCherney",Male,22,Yes,Graduate,No,94122,Consumer,California,West
LP002226,IP43381,3333,2500,Semiurban,Y,Low_Class_Customer,2.5%,128,360,887,No_Penalty,0,3,"Charles McCrossin",Male,46,Yes,Graduate,NULL,78521,Consumer,Texas,North
LP002229,IP43382,5941,4232,Semiurban,Y,Middle_Class_Customer,7.0%,296,360,673,Penalty_Customer,2,21,"Skye Norling",Male,30,No,Graduate,No,90008,"Home Office",California,West
LP002231,IP43383,6000,0,Urban,Y,Middle_Class_Customer,7.0%,156,360,443,Penalty_Customer,1,11,"Erica Hernandez",Female,60,No,Graduate,No,80219,"Home Office",Colorado,West
LP002234,IP43384,7167,0,Urban,Y,Middle_Class_Customer,7.0%,128,360,828,No_Penalty,1,9,"Frank Olsen",Male,32,No,Graduate,Yes,10035,Consumer,"New York",East
LP002236,IP43385,4566,0,Urban,N,Low_Class_Customer,5.0%,100,360,562,Penalty_Customer,0,5,"Maurice Satty",Male,36,Yes,Graduate,No,85204,Consumer,Arizona,West
LP002237,IP43386,3667,0,Urban,Y,Low_Class_Customer,5.0%,113,180,52,Penalty_Customer,0,6,"Chad Cunningham",Male,66,No,Graduate,NULL,47201,"Home Office",Indiana,North
LP002239,IP43387,2346,1600,Semiurban,Y,Low_Class_Customer,2.5%,132,360,337,Penalty_Customer,0,3,"Don Weiss",Male,23,No,"Not Graduate",No,98105,Consumer,Washington,West
LP002244,IP43389,2333,2417,Urban,Y,Low_Class_Customer,5.0%,136,360,884,No_Penalty,1,7,"Craig Yedwab",Male,45,Yes,Graduate,No,94601,Corporate,California,West
LP002250,IP43390,5488,0,Rural,Y,Middle_Class_Customer,7.0%,125,360,320,Penalty_Customer,1,9,"Brad Thomas",Male,52,Yes,Graduate,No,20735,"Home Office",Maryland,East
LP002255,IP43391,9167,0,Rural,Y,B_Grade_Customer,7.0%,185,360,897,No_Penalty,1,13,"Penelope Sewall",Male,63,No,Graduate,No,28205,"Home Office","North Carolina",West
LP002262,IP43392,9504,0,Rural,Y,B_Grade_Customer,7.0%,275,360,882,No_Penalty,2,19,"Paul Van Hugh",Male,26,Yes,Graduate,No,94122,"Home Office",California,West
LP002263,IP43393,2583,2115,Urban,Y,Low_Class_Customer,5.0%,120,360,946,High_Cibil_Score,1,6,"Neoma Murray",Male,45,Yes,Graduate,No,92503,Consumer,California,West
LP002265,IP43394,1993,1625,Semiurban,Y,Low_Class_Customer,2.5%,113,180,733,Penalty_Customer,0,3,"Dionis Lloyd",Male,66,Yes,"Not Graduate",No,94110,Corporate,California,West
LP002266,IP43395,3100,1400,Urban,Y,Low_Class_Customer,5.0%,113,360,213,Penalty_Customer,0,6,"Christine Sundaresam",Male,42,Yes,Graduate,No,30076,Consumer,Georgia,West
LP002272,IP43396,3276,484,Semiurban,Y,Low_Class_Customer,2.5%,135,360,507,Penalty_Customer,0,3,"Frank Hawley",Male,18,Yes,Graduate,No,46350,Corporate,Indiana,North
LP002277,IP43397,3180,0,Urban,N,Low_Class_Customer,5.0%,71,360,403,Penalty_Customer,0,4,"Nat Carroll",Female,41,No,Graduate,No,48911,Consumer,Michigan,North
LP002281,IP43398,3033,1459,Urban,Y,Low_Class_Customer,5.0%,95,360,478,Penalty_Customer,0,5,"Alex Avila",Male,19,Yes,Graduate,No,55407,Consumer,Minnesota,North
LP002284,IP43399,3902,1666,Rural,Y,Low_Class_Customer,3.0%,109,360,216,Penalty_Customer,0,3,"Larry Tron",Male,67,No,"Not Graduate",No,92025,Consumer,California,West
LP002287,IP43400,1500,1800,Semiurban,N,Low_Class_Customer,2.5%,103,360,459,Penalty_Customer,0,3,"Anne Pryor",Female,69,No,Graduate,No,10035,"Home Office","New York",East
LP002288,IP43401,2889,0,Urban,N,Low_Class_Customer,5.0%,45,180,826,No_Penalty,0,2,"Paul MacIntyre",Male,34,Yes,"Not Graduate",No,49201,Consumer,Michigan,North
LP002296,IP43402,2755,0,Rural,N,Low_Class_Customer,3.0%,65,300,971,High_Cibil_Score,0,2,"Alyssa Tate",Male,37,No,"Not Graduate",No,90004,"Home Office",California,West
LP002297,IP43403,2500,20000,Semiurban,Y,Low_Class_Customer,2.5%,103,360,806,No_Penalty,0,3,"Cathy Armstrong",Male,57,No,Graduate,No,77070,"Home Office",Texas,North
LP002300,IP43404,1963,0,Semiurban,Y,Low_Class_Customer,2.5%,53,360,775,No_Penalty,0,1,"Harold Ryan",Female,32,No,"Not Graduate",No,98103,Corporate,Washington,West
LP002301,IP43405,7441,0,Rural,N,Middle_Class_Customer,7.0%,194,360,99,Penalty_Customer,1,14,"Bradley Talbott",Female,19,No,Graduate,Yes,90036,"Home Office",California,West
LP002305,IP43406,4547,0,Semiurban,Y,Low_Class_Customer,2.5%,115,360,283,Penalty_Customer,0,3,"Larry Hughes",Female,51,No,Graduate,No,28205,Consumer,"North Carolina",West
LP002308,IP43407,2167,2400,Urban,Y,Low_Class_Customer,5.0%,115,360,784,No_Penalty,0,6,"Steven Ward",Male,46,Yes,"Not Graduate",No,10009,Corporate,"New York",East
LP002314,IP43408,2213,0,Rural,Y,Low_Class_Customer,3.0%,66,360,822,No_Penalty,0,2,"Stefania Perrino",Female,69,No,"Not Graduate",No,19134,Corporate,Pennsylvania,East
LP002315,IP43409,8300,0,Semiurban,N,Middle_Class_Customer,7.0%,152,300,143,Penalty_Customer,1,11,"Ben Ferrer",Male,22,Yes,Graduate,No,90036,"Home Office",California,West
LP002317,IP43410,81000,0,Rural,N,A_Grade_Customer,7.0%,360,360,484,Penalty_Customer,2,25,"Kean Thornton",Male,32,Yes,Graduate,No,14215,Consumer,"New York",East
LP002318,IP43411,3867,0,Semiurban,N,Low_Class_Customer,2.5%,62,360,779,No_Penalty,0,2,"Brooke Gillingham",Female,25,No,"Not Graduate",Yes,45231,Corporate,Ohio,East
LP002319,IP43412,6256,0,Urban,Y,Middle_Class_Customer,7.0%,160,360,842,No_Penalty,1,11,"Greg Matthias",Male,69,Yes,Graduate,NULL,98105,Consumer,Washington,West
LP002328,IP43413,6096,0,Rural,N,Middle_Class_Customer,7.0%,218,360,725,Penalty_Customer,1,15,"Eva Jacobs",Male,54,Yes,"Not Graduate",No,39503,Consumer,Mississippi,West
LP002332,IP43414,2253,2033,Rural,Y,Low_Class_Customer,3.0%,110,360,607,Penalty_Customer,0,3,"Nora Preis",Male,18,Yes,"Not Graduate",No,93727,Consumer,California,West
LP002335,IP43415,2149,3237,Semiurban,N,Low_Class_Customer,2.5%,178,360,685,Penalty_Customer,0,4,"Mick Hernandez",Female,49,Yes,"Not Graduate",No,19013,"Home Office",Pennsylvania,East
LP002337,IP43416,2995,0,Urban,Y,Low_Class_Customer,5.0%,60,360,834,No_Penalty,0,3,"Jocasta Rupert",Female,50,No,Graduate,No,32216,Consumer,Florida,West
LP002341,IP43417,2600,0,Urban,N,Low_Class_Customer,5.0%,160,360,260,Penalty_Customer,1,8,"Suzanne McNair",Female,50,No,Graduate,No,27834,Corporate,"North Carolina",West
LP002342,IP43418,1600,20000,Urban,N,Low_Class_Customer,5.0%,239,360,108,Penalty_Customer,1,12,"Chris Cortes",Male,41,Yes,Graduate,Yes,46350,Consumer,Indiana,North
LP002345,IP43419,1025,2773,Rural,Y,Low_Class_Customer,3.0%,112,360,229,Penalty_Customer,0,3,"Phillip Flathmann",Male,53,Yes,Graduate,No,94122,Consumer,California,West
LP002347,IP43420,3246,1417,Semiurban,Y,Low_Class_Customer,2.5%,138,360,718,Penalty_Customer,0,3,"Dan Campbell",Male,57,Yes,Graduate,No,35630,Consumer,Alabama,West
LP002348,IP43421,5829,0,Rural,Y,Middle_Class_Customer,7.0%,138,360,632,Penalty_Customer,1,10,"Bryan Davis",Male,53,Yes,Graduate,No,77070,Consumer,Texas,North
LP002357,IP43422,2720,0,Urban,N,Low_Class_Customer,5.0%,80,0,447,Penalty_Customer,0,4,"Gene McClure",Female,48,No,"Not Graduate",No,2908,Consumer,"Rhode Island",East
LP002361,IP43423,1820,1719,Urban,Y,Low_Class_Customer,5.0%,100,360,190,Penalty_Customer,0,5,"Todd Boyes",Male,57,Yes,Graduate,No,10009,Corporate,"New York",East
LP002362,IP43424,7250,1667,Urban,N,Middle_Class_Customer,7.0%,110,0,285,Penalty_Customer,1,8,"Justin Hirsh",Male,44,Yes,Graduate,No,81001,Consumer,Colorado,West
LP002364,IP43425,14880,0,Semiurban,Y,B_Grade_Customer,7.0%,96,360,576,Penalty_Customer,1,7,"Erica Bern",Male,32,Yes,Graduate,No,94533,Corporate,California,West
LP002366,IP43426,2666,4300,Rural,Y,Low_Class_Customer,3.0%,121,360,555,Penalty_Customer,0,4,"Quincy Jones",Male,64,Yes,Graduate,No,55106,Corporate,Minnesota,North
LP002367,IP43427,4606,0,Rural,N,Low_Class_Customer,3.0%,81,360,74,Penalty_Customer,0,2,"Tracy Collins",Female,25,No,"Not Graduate",No,22204,"Home Office",Virginia,West
LP002368,IP43428,5935,0,Semiurban,Y,Middle_Class_Customer,7.0%,133,360,559,Penalty_Customer,1,9,"Chuck Sachs",Male,58,Yes,Graduate,No,31907,Consumer,Georgia,West
LP002369,IP43429,2920,16,Rural,Y,Low_Class_Customer,3.0%,87,360,625,Penalty_Customer,0,3,"Henry Goldwyn",Male,64,Yes,Graduate,No,90032,Corporate,California,West
LP002370,IP43430,2717,0,Urban,Y,Low_Class_Customer,5.0%,60,180,889,No_Penalty,0,3,"Laurel Workman",Male,56,No,"Not Graduate",No,32725,Corporate,Florida,West
LP002377,IP43431,8624,0,Semiurban,Y,Middle_Class_Customer,7.0%,150,360,866,No_Penalty,1,11,"Matt Collins",Female,62,No,Graduate,Yes,45231,Consumer,Ohio,East
LP002379,IP43432,6500,0,Rural,N,Middle_Class_Customer,7.0%,105,360,61,Penalty_Customer,1,7,"Liz Preis",Male,67,No,Graduate,No,42071,Consumer,Kentucky,West
LP002386,IP43433,12876,0,Semiurban,Y,B_Grade_Customer,7.0%,405,360,642,Penalty_Customer,2,28,"Evan Bailliet",Male,65,No,Graduate,NULL,28403,Consumer,"North Carolina",West
LP002387,IP43434,2425,2340,Semiurban,Y,Low_Class_Customer,2.5%,143,360,953,High_Cibil_Score,0,4,"George Zrebassa",Male,34,Yes,Graduate,No,1841,Corporate,Massachusetts,East
LP002390,IP43435,3750,0,Urban,Y,Low_Class_Customer,5.0%,100,360,539,Penalty_Customer,0,5,"Cathy Prescott",Male,41,No,Graduate,No,6360,Corporate,Connecticut,East
LP002398,IP43437,1926,1851,Semiurban,Y,Low_Class_Customer,2.5%,50,360,961,High_Cibil_Score,0,1,"Lisa DeCherney",Male,26,No,Graduate,No,94109,Consumer,California,West
LP002403,IP43439,10416,0,Urban,N,B_Grade_Customer,7.0%,187,360,272,Penalty_Customer,1,13,"Michael Nguyen",Male,42,No,Graduate,Yes,75220,Consumer,Texas,North
LP002407,IP43440,7142,0,Rural,Y,Middle_Class_Customer,7.0%,138,360,865,No_Penalty,1,10,"Jim Radford",Female,26,Yes,"Not Graduate",Yes,6457,Consumer,Connecticut,East
LP002408,IP43441,3660,5064,Semiurban,Y,Low_Class_Customer,2.5%,360,360,0,Penalty_Customer,1,9,"Jamie Frazer",Male,41,No,Graduate,No,90008,Consumer,California,West
LP002409,IP43442,7901,1833,Rural,Y,Middle_Class_Customer,7.0%,180,360,631,Penalty_Customer,1,13,"Chad McGuire",Male,65,Yes,Graduate,No,10011,Consumer,"New York",East
LP002418,IP43443,4707,1993,Semiurban,Y,Low_Class_Customer,2.5%,148,360,130,Penalty_Customer,0,4,"Aaron Smayling",Male,24,No,"Not Graduate",No,28540,Corporate,"North Carolina",West
LP002422,IP43444,37719,0,Semiurban,Y,A_Grade_Customer,7.0%,152,360,730,Penalty_Customer,1,11,"Beth Paige",Male,64,No,Graduate,No,60201,Consumer,Illinois,North
LP002424,IP43445,7333,8333,Rural,Y,Middle_Class_Customer,7.0%,175,300,807,No_Penalty,1,12,"Natalie DeCherney",Male,34,Yes,Graduate,No,40214,Consumer,Kentucky,West
LP002429,IP43446,3466,1210,Rural,Y,Low_Class_Customer,3.0%,130,360,127,Penalty_Customer,0,4,"Larry Blacks",Male,39,Yes,Graduate,Yes,76106,Consumer,Texas,North
LP002434,IP43447,4652,0,Rural,Y,Low_Class_Customer,3.0%,110,360,460,Penalty_Customer,0,3,"Kean Takahito",Male,31,Yes,"Not Graduate",No,90049,Consumer,California,West
LP002435,IP43448,3539,1376,Rural,N,Low_Class_Customer,3.0%,55,360,837,No_Penalty,0,2,"Harry Marie",Male,67,Yes,Graduate,NULL,19120,Corporate,Pennsylvania,East
LP002443,IP43449,3340,1710,Rural,N,Low_Class_Customer,3.0%,150,360,486,Penalty_Customer,0,5,"Ann Blume",Male,44,Yes,Graduate,No,85705,Corporate,Arizona,West
LP002444,IP43450,2769,1542,Semiurban,N,Low_Class_Customer,2.5%,190,360,379,Penalty_Customer,0,5,"Sam Zeldin",Male,31,No,"Not Graduate",Yes,90660,"Home Office",California,West
LP002446,IP43451,2309,1255,Rural,N,Low_Class_Customer,3.0%,125,360,205,Penalty_Customer,0,4,"Michael Granlund",Male,70,Yes,"Not Graduate",No,20735,"Home Office",Maryland,East
LP002447,IP43452,1958,1456,Urban,Y,Low_Class_Customer,5.0%,60,300,802,No_Penalty,0,3,"Julie Kriz",Male,63,Yes,"Not Graduate",No,60505,"Home Office",Illinois,North
LP002448,IP43453,3948,1733,Rural,N,Low_Class_Customer,3.0%,149,360,252,Penalty_Customer,0,4,"Paul Prost",Male,58,Yes,Graduate,No,30080,"Home Office",Georgia,West
LP002449,IP43454,2483,2466,Rural,Y,Low_Class_Customer,3.0%,90,180,903,High_Cibil_Score,0,3,"Yana Sorensen",Male,38,Yes,Graduate,No,27217,Corporate,"North Carolina",West
LP002453,IP43455,7085,0,Semiurban,Y,Middle_Class_Customer,7.0%,84,360,100,Penalty_Customer,0,6,"Katherine Murray",Male,42,No,Graduate,Yes,24153,"Home Office",Virginia,West
LP002455,IP43456,3859,0,Semiurban,Y,Low_Class_Customer,2.5%,96,360,928,High_Cibil_Score,0,2,"Adrian Barton",Male,52,Yes,Graduate,No,85023,Consumer,Arizona,West
LP002459,IP43457,4301,0,Urban,Y,Low_Class_Customer,5.0%,118,360,231,Penalty_Customer,0,6,"Helen Abelman",Male,57,Yes,Graduate,No,10024,Consumer,"New York",East
LP002467,IP43458,3708,2569,Urban,N,Low_Class_Customer,5.0%,173,360,918,High_Cibil_Score,1,9,"Beth Thompson",Male,26,Yes,Graduate,No,92627,"Home Office",California,West
LP002472,IP43459,4354,0,Rural,Y,Low_Class_Customer,3.0%,136,360,662,Penalty_Customer,0,4,"Stuart Van",Male,41,No,Graduate,No,77041,Corporate,Texas,North
LP002473,IP43460,8334,0,Semiurban,N,Middle_Class_Customer,7.0%,160,360,465,Penalty_Customer,1,11,"Rick Wilson",Male,47,Yes,Graduate,No,85204,Corporate,Arizona,West
LP002478,IP43461,2083,4083,Semiurban,Y,Low_Class_Customer,2.5%,160,360,965,High_Cibil_Score,0,4,"Damala Kotsonis",Female,28,Yes,Graduate,Yes,93905,Corporate,California,West
LP002484,IP43462,7740,0,Urban,Y,Middle_Class_Customer,7.0%,128,180,568,Penalty_Customer,1,9,"Shui Tom",Male,21,Yes,Graduate,No,44134,Consumer,Ohio,East
LP002487,IP43463,3015,2188,Rural,Y,Low_Class_Customer,3.0%,153,360,698,Penalty_Customer,0,5,"Michael Moore",Male,50,Yes,Graduate,No,94110,Consumer,California,West
LP002489,IP43464,5191,0,Semiurban,Y,Middle_Class_Customer,7.0%,132,360,214,Penalty_Customer,1,9,"Pauline Webber",Female,48,No,"Not Graduate",NULL,40475,Corporate,Kentucky,West
LP002493,IP43465,4166,0,Semiurban,N,Low_Class_Customer,2.5%,98,360,978,High_Cibil_Score,0,2,"Shaun Chance",Male,44,No,Graduate,No,80013,Corporate,Colorado,West
LP002494,IP43466,6000,0,Rural,Y,Middle_Class_Customer,7.0%,140,360,403,Penalty_Customer,1,10,"Thais Sissman",Male,54,No,Graduate,No,85023,Consumer,Arizona,West
LP002500,IP43467,2947,1664,Urban,N,Low_Class_Customer,5.0%,70,180,292,Penalty_Customer,0,4,"Mark Cousins",Male,68,Yes,"Not Graduate",No,36608,Corporate,Alabama,West
LP002501,IP43468,16692,0,Semiurban,Y,A_Grade_Customer,7.0%,110,360,671,Penalty_Customer,1,8,"Maria Etezadi",Female,43,Yes,Graduate,No,31907,"Home Office",Georgia,West
LP002502,IP43469,210,2917,Semiurban,Y,Low_Class_Customer,2.5%,98,360,71,Penalty_Customer,0,2,"Nicole Hansen",Female,42,Yes,"Not Graduate",NULL,75061,Corporate,Texas,North
LP002505,IP43470,4333,2451,Urban,N,Low_Class_Customer,5.0%,110,360,167,Penalty_Customer,0,6,"Mick Brown",Male,41,Yes,Graduate,No,8360,Consumer,"New Jersey",East
LP002515,IP43471,3450,2079,Semiurban,Y,Low_Class_Customer,2.5%,162,360,970,High_Cibil_Score,0,4,"Keith Dawkins",Male,47,Yes,Graduate,Yes,10009,Corporate,"New York",East
LP002517,IP43472,2653,1500,Rural,N,Low_Class_Customer,3.0%,113,180,650,Penalty_Customer,0,3,"Katherine Nockton",Male,33,Yes,"Not Graduate",No,90004,Corporate,California,West
LP002519,IP43473,4691,0,Semiurban,Y,Low_Class_Customer,2.5%,100,360,649,Penalty_Customer,0,3,"Nora Pelletier",Male,55,Yes,Graduate,No,14304,"Home Office","New York",East
LP002522,IP43474,2500,0,Urban,Y,Low_Class_Customer,5.0%,93,360,104,Penalty_Customer,0,5,"Cindy Stewart",Female,62,No,Graduate,Yes,27360,Consumer,"North Carolina",West
LP002524,IP43475,5532,4648,Rural,Y,Middle_Class_Customer,7.0%,162,360,567,Penalty_Customer,1,11,"Maxwell Schwartz",Male,24,No,Graduate,No,10035,Consumer,"New York",East
LP002527,IP43476,16525,1014,Rural,Y,A_Grade_Customer,7.0%,150,360,984,High_Cibil_Score,1,11,"Corinna Mitchell",Male,26,Yes,Graduate,Yes,90008,"Home Office",California,West
LP002529,IP43477,6700,1750,Semiurban,Y,Middle_Class_Customer,7.0%,230,300,175,Penalty_Customer,1,16,Corey-Lock,Male,49,Yes,Graduate,No,19143,Consumer,Pennsylvania,East
LP002530,IP43478,2873,1872,Semiurban,N,Low_Class_Customer,2.5%,132,360,431,Penalty_Customer,0,3,"Todd Sumrall",Female,48,Yes,Graduate,No,10035,Corporate,"New York",East
LP002531,IP43479,16667,2250,Semiurban,Y,A_Grade_Customer,7.0%,86,360,416,Penalty_Customer,1,6,"Jane Waco",Male,35,Yes,Graduate,Yes,98661,Corporate,Washington,West
LP002534,IP43481,4350,0,Rural,Y,Low_Class_Customer,3.0%,154,360,981,High_Cibil_Score,0,5,"Pauline Chand",Female,20,No,"Not Graduate",No,90004,"Home Office",California,West
LP002536,IP43482,3095,0,Rural,Y,Low_Class_Customer,3.0%,113,360,950,High_Cibil_Score,0,3,"Andy Reiter",Male,63,Yes,"Not Graduate",No,10024,Consumer,"New York",East
LP002537,IP43483,2083,3150,Semiurban,Y,Low_Class_Customer,2.5%,128,360,226,Penalty_Customer,0,3,"Arianne Irving",Male,34,Yes,Graduate,No,19120,Consumer,Pennsylvania,East
LP002541,IP43484,10833,0,Semiurban,Y,B_Grade_Customer,7.0%,234,360,74,Penalty_Customer,1,16,"Tom Boeckenhauer",Male,28,Yes,Graduate,No,98105,Consumer,Washington,West
LP002543,IP43485,8333,0,Semiurban,Y,Middle_Class_Customer,7.0%,246,360,551,Penalty_Customer,1,17,"Paul Lucas",Male,63,Yes,Graduate,No,60610,"Home Office",Illinois,North
LP002544,IP43486,1958,2436,Rural,Y,Low_Class_Customer,3.0%,131,360,547,Penalty_Customer,0,4,"Gary Hwang",Male,24,Yes,"Not Graduate",No,85705,Consumer,Arizona,West
LP002545,IP43487,3547,0,Rural,N,Low_Class_Customer,3.0%,80,360,619,Penalty_Customer,0,2,"Mike Pelletier",Male,63,No,Graduate,No,92677,"Home Office",California,West
LP002547,IP43488,18333,0,Urban,N,A_Grade_Customer,7.0%,500,360,961,High_Cibil_Score,3,35,"Jim Mitchum",Male,63,Yes,Graduate,No,8302,Corporate,"New Jersey",East
LP002555,IP43489,4583,2083,Semiurban,Y,Low_Class_Customer,2.5%,160,360,77,Penalty_Customer,0,4,"Carl Ludwig",Male,65,Yes,Graduate,Yes,2149,Consumer,Massachusetts,East
LP002556,IP43490,2435,0,Urban,N,Low_Class_Customer,5.0%,75,360,769,No_Penalty,0,4,"Deborah Brumfield",Male,25,No,Graduate,No,92024,"Home Office",California,West
LP002560,IP43491,2699,2785,Semiurban,Y,Low_Class_Customer,2.5%,96,360,546,Penalty_Customer,0,2,"Ivan Gibson",Male,20,No,"Not Graduate",No,92024,Consumer,California,West
LP002562,IP43492,5333,1131,Urban,Y,Middle_Class_Customer,7.0%,186,360,504,Penalty_Customer,1,13,"Bobby Odegard",Male,44,Yes,"Not Graduate",No,40475,Consumer,Kentucky,West
LP002571,IP43493,3691,0,Rural,Y,Low_Class_Customer,3.0%,110,360,926,High_Cibil_Score,0,3,"Aimee Bixby",Male,66,No,"Not Graduate",No,11561,Consumer,"New York",East
LP002582,IP43494,17263,0,Semiurban,Y,A_Grade_Customer,7.0%,225,360,52,Penalty_Customer,1,16,"Julia West",Female,37,No,"Not Graduate",Yes,19140,Consumer,Pennsylvania,East
LP002585,IP43495,3597,2157,Rural,N,Low_Class_Customer,3.0%,119,360,976,High_Cibil_Score,0,4,"Edward Becker",Male,65,Yes,Graduate,No,98103,Corporate,Washington,West
LP002586,IP43496,3326,913,Semiurban,Y,Low_Class_Customer,2.5%,105,84,122,Penalty_Customer,0,3,"Sheri Gordon",Female,22,Yes,Graduate,No,10011,Consumer,"New York",East
LP002587,IP43497,2600,1700,Rural,Y,Low_Class_Customer,3.0%,107,360,227,Penalty_Customer,0,3,"Charlotte Melton",Male,54,Yes,"Not Graduate",No,19134,Consumer,Pennsylvania,East
LP002588,IP43498,4625,2857,Urban,Y,Low_Class_Customer,5.0%,111,12,761,No_Penalty,0,6,"Anthony Witt",Male,25,Yes,Graduate,No,75002,Consumer,Texas,North
LP002600,IP43499,2895,0,Semiurban,Y,Low_Class_Customer,2.5%,95,360,665,Penalty_Customer,0,2,"Mick Crebagga",Male,47,Yes,Graduate,Yes,79907,Consumer,Texas,North
LP002602,IP43500,6283,4416,Rural,N,Middle_Class_Customer,7.0%,209,360,931,High_Cibil_Score,1,15,"Tonja Turnell",Male,44,No,Graduate,No,60505,"Home Office",Illinois,North
LP002603,IP43501,645,3683,Rural,Y,Low_Class_Customer,3.0%,113,480,261,Penalty_Customer,0,3,"Vivek Grady",Female,44,No,Graduate,No,23464,Corporate,Virginia,West
LP002606,IP43502,3159,0,Semiurban,Y,Low_Class_Customer,2.5%,100,360,137,Penalty_Customer,0,3,"Muhammed Yedwab",Female,35,No,Graduate,No,76051,Corporate,Texas,North
LP002615,IP43503,4865,5624,Semiurban,Y,Low_Class_Customer,2.5%,208,360,696,Penalty_Customer,0,5,"Rick Duston",Male,37,Yes,Graduate,No,98502,Consumer,Washington,West
LP002618,IP43504,4050,5302,Rural,N,Low_Class_Customer,3.0%,138,360,197,Penalty_Customer,0,4,"Dennis Pardue",Male,24,Yes,"Not Graduate",No,61604,"Home Office",Illinois,North
LP002619,IP43505,3814,1483,Semiurban,Y,Low_Class_Customer,2.5%,124,300,533,Penalty_Customer,0,3,"Marina Lichtenstein",Male,29,Yes,"Not Graduate",No,90008,Corporate,California,West
LP002622,IP43506,3510,4416,Rural,Y,Low_Class_Customer,3.0%,243,360,696,Penalty_Customer,1,7,"Jenna Caffey",Male,24,Yes,Graduate,No,98031,Consumer,Washington,West
LP002624,IP43507,20833,6667,Urban,Y,A_Grade_Customer,7.0%,480,360,601,Penalty_Customer,3,34,"James Galang",Male,53,Yes,Graduate,No,90049,Consumer,California,West
LP002625,IP43508,3583,0,Urban,N,Low_Class_Customer,5.0%,96,360,458,Penalty_Customer,0,5,"Marc Crier",Female,67,No,Graduate,No,70506,Consumer,Louisiana,West
LP002626,IP43509,2479,3013,Urban,Y,Low_Class_Customer,5.0%,188,360,431,Penalty_Customer,1,9,"Natalie Webber",Male,58,Yes,Graduate,Yes,97224,Consumer,Oregon,West
LP002634,IP43510,13262,0,Urban,Y,B_Grade_Customer,7.0%,40,360,834,No_Penalty,0,3,"Toby Braunhardt",Female,42,No,Graduate,No,20016,Consumer,"District of Columbia",East
LP002637,IP43511,3598,1287,Rural,N,Low_Class_Customer,3.0%,100,360,608,Penalty_Customer,0,3,"Bill Stewart",Male,21,No,"Not Graduate",No,60076,Corporate,Illinois,North
LP002640,IP43512,6065,2004,Semiurban,Y,Middle_Class_Customer,7.0%,250,360,522,Penalty_Customer,1,18,"Hilary Holden",Male,19,Yes,Graduate,No,94110,Corporate,California,West
LP002643,IP43513,3283,2035,Urban,Y,Low_Class_Customer,5.0%,148,360,111,Penalty_Customer,1,7,"Christina DeMoss",Male,54,Yes,Graduate,No,98105,Consumer,Washington,West
LP002648,IP43514,2130,6666,Semiurban,N,Low_Class_Customer,2.5%,70,180,728,Penalty_Customer,0,2,"Thea Hendricks",Male,40,Yes,Graduate,No,90045,Consumer,California,West
LP002652,IP43515,5815,3666,Rural,N,Middle_Class_Customer,7.0%,311,360,882,No_Penalty,2,22,"Michelle Moray",Male,21,No,Graduate,No,98115,Consumer,Washington,West
LP002659,IP43516,3466,3428,Rural,Y,Low_Class_Customer,3.0%,150,360,512,Penalty_Customer,0,5,"Neola Schneider",Male,63,Yes,Graduate,No,75217,Consumer,Texas,North
LP002670,IP43517,2031,1632,Semiurban,Y,Low_Class_Customer,2.5%,113,480,388,Penalty_Customer,0,3,"Robert Barroso",Female,36,Yes,Graduate,No,89031,Corporate,Nevada,West
LP002682,IP43518,3074,1800,Semiurban,N,Low_Class_Customer,2.5%,123,360,963,High_Cibil_Score,0,3,"Shaun Weien",Male,19,Yes,"Not Graduate",No,23434,Consumer,Virginia,West
LP002683,IP43519,4683,1915,Semiurban,N,Low_Class_Customer,2.5%,185,360,563,Penalty_Customer,0,5,"Eric Barreto",Male,32,No,Graduate,No,94110,Consumer,California,West
LP002684,IP43520,3400,0,Rural,N,Low_Class_Customer,3.0%,95,360,542,Penalty_Customer,0,3,"Pamela Stobb",Female,70,No,"Not Graduate",No,90008,Consumer,California,West
LP002689,IP43521,2192,1742,Semiurban,Y,Low_Class_Customer,2.5%,45,360,555,Penalty_Customer,0,1,"Herbert Flentye",Male,48,Yes,"Not Graduate",No,46203,Consumer,Indiana,North
LP002690,IP43522,2500,0,Semiurban,Y,Low_Class_Customer,2.5%,55,360,400,Penalty_Customer,0,1,"Henia Zydlo",Male,62,No,Graduate,No,43229,Consumer,Ohio,East
LP002692,IP43523,5677,1424,Rural,Y,Middle_Class_Customer,7.0%,100,360,768,No_Penalty,1,7,"Cynthia Delaney",Male,28,Yes,Graduate,Yes,92037,"Home Office",California,West
LP002693,IP43524,7948,7166,Rural,Y,Middle_Class_Customer,7.0%,480,360,271,Penalty_Customer,3,34,"Jamie Kunitz",Male,38,Yes,Graduate,Yes,94122,Consumer,California,West
LP002699,IP43526,17500,0,Rural,Y,A_Grade_Customer,7.0%,400,360,818,No_Penalty,2,28,"Emily Ducich",Male,39,Yes,Graduate,Yes,92037,"Home Office",California,West
LP002705,IP43527,3775,0,Semiurban,Y,Low_Class_Customer,2.5%,110,360,397,Penalty_Customer,0,3,"Dianna Arnett",Male,22,Yes,Graduate,No,77095,"Home Office",Texas,North
LP002706,IP43528,5285,1430,Semiurban,Y,Middle_Class_Customer,7.0%,161,360,534,Penalty_Customer,1,11,"Joni Wasserman",Male,59,Yes,"Not Graduate",No,94601,Consumer,California,West
LP002714,IP43529,2679,1302,Semiurban,Y,Low_Class_Customer,2.5%,94,360,773,No_Penalty,0,2,"Raymond Messe",Male,38,No,"Not Graduate",No,77095,Consumer,Texas,North
LP002716,IP43530,6783,0,Semiurban,Y,Middle_Class_Customer,7.0%,130,360,959,High_Cibil_Score,1,9,"Max Ludwig",Male,50,No,"Not Graduate",No,23434,"Home Office",Virginia,West
LP002717,IP43531,1025,5500,Rural,Y,Low_Class_Customer,3.0%,216,360,664,Penalty_Customer,1,6,"Craig Carroll",Male,45,Yes,Graduate,No,27405,Consumer,"North Carolina",West
LP002720,IP43532,4281,0,Urban,Y,Low_Class_Customer,5.0%,100,360,276,Penalty_Customer,0,5,"Jim Epp",Male,20,Yes,Graduate,No,53209,Corporate,Wisconsin,North
LP002723,IP43533,3588,0,Rural,N,Low_Class_Customer,3.0%,110,360,533,Penalty_Customer,0,3,"Roy Phan",Male,36,No,Graduate,No,53142,Corporate,Wisconsin,North
LP002729,IP43534,11250,0,Semiurban,N,B_Grade_Customer,7.0%,196,360,219,Penalty_Customer,1,14,"Thomas Boland",Male,32,No,Graduate,No,77041,Corporate,Texas,North
LP002731,IP43535,18165,0,Urban,Y,A_Grade_Customer,7.0%,125,360,832,No_Penalty,1,9,"Brad Eason",Female,70,No,"Not Graduate",Yes,66062,"Home Office",Kansas,North
LP002732,IP43536,2550,2042,Rural,Y,Low_Class_Customer,3.0%,126,360,215,Penalty_Customer,0,4,"Jill Fjeld",Male,29,No,"Not Graduate",NULL,75081,Consumer,Texas,North
LP002734,IP43537,6133,3906,Urban,Y,Middle_Class_Customer,7.0%,324,360,662,Penalty_Customer,2,23,"Phillip Breyer",Male,36,Yes,Graduate,No,74133,Corporate,Oklahoma,North
LP002738,IP43538,3617,0,Semiurban,Y,Low_Class_Customer,2.5%,107,360,624,Penalty_Customer,0,3,"Brian Thompson",Male,33,No,Graduate,No,43055,Consumer,Ohio,East
LP002739,IP43539,2917,536,Rural,N,Low_Class_Customer,3.0%,66,360,612,Penalty_Customer,0,2,"Janet Lee",Male,47,Yes,"Not Graduate",No,60623,Consumer,Illinois,North
LP002740,IP43540,6417,0,Rural,Y,Middle_Class_Customer,7.0%,157,180,174,Penalty_Customer,1,11,"Cathy Hwang",Male,66,Yes,Graduate,No,27604,"Home Office","North Carolina",West
LP002741,IP43541,4608,2845,Semiurban,Y,Low_Class_Customer,2.5%,140,180,188,Penalty_Customer,0,4,"Neil Ducich",Female,49,Yes,Graduate,No,31204,Corporate,Georgia,West
LP002743,IP43542,2138,0,Semiurban,N,Low_Class_Customer,2.5%,99,360,497,Penalty_Customer,0,2,"Barbara Fisher",Female,48,No,Graduate,No,28205,Corporate,"North Carolina",West
LP002753,IP43543,3652,0,Semiurban,Y,Low_Class_Customer,2.5%,95,360,763,No_Penalty,0,2,"Katharine Harms",Female,34,No,Graduate,NULL,42104,Corporate,Kentucky,West
LP002755,IP43544,2239,2524,Urban,Y,Low_Class_Customer,5.0%,128,360,393,Penalty_Customer,1,6,"Giulietta Weimer",Male,19,Yes,"Not Graduate",No,98115,Consumer,Washington,West
LP002757,IP43545,3017,663,Semiurban,Y,Low_Class_Customer,2.5%,102,360,833,No_Penalty,0,3,"Noah Childs",Female,22,Yes,"Not Graduate",No,80013,Corporate,Colorado,West
LP002767,IP43546,2768,1950,Rural,Y,Low_Class_Customer,3.0%,155,360,422,Penalty_Customer,0,5,"Michelle Ellison",Male,46,Yes,Graduate,No,94122,Corporate,California,West
LP002768,IP43547,3358,0,Semiurban,N,Low_Class_Customer,2.5%,80,36,878,No_Penalty,0,2,"Benjamin Patterson",Male,46,No,"Not Graduate",No,99207,Consumer,Washington,West
LP002772,IP43548,2526,1783,Rural,Y,Low_Class_Customer,3.0%,145,360,609,Penalty_Customer,0,4,"John Castell",Male,21,No,Graduate,No,78207,Consumer,Texas,North
LP002776,IP43549,5000,0,Semiurban,N,Low_Class_Customer,7.0%,103,360,258,Penalty_Customer,1,7,"Adam Shillingsburg",Female,21,No,Graduate,No,22901,Consumer,Virginia,West
LP002777,IP43550,2785,2016,Rural,Y,Low_Class_Customer,3.0%,110,360,376,Penalty_Customer,0,3,"Amy Cox",Male,22,Yes,Graduate,No,55407,Consumer,Minnesota,North
LP002785,IP43553,3333,3250,Urban,Y,Low_Class_Customer,5.0%,158,360,437,Penalty_Customer,1,8,"Erica Hackney",Male,44,Yes,Graduate,No,30076,Consumer,Georgia,West
LP002788,IP43554,2454,2333,Urban,N,Low_Class_Customer,5.0%,181,360,63,Penalty_Customer,1,9,"Edward Hooks",Male,61,Yes,"Not Graduate",No,13601,Corporate,"New York",East
LP002789,IP43555,3593,4266,Rural,N,Low_Class_Customer,3.0%,132,180,867,No_Penalty,0,4,"Scot Coram",Male,23,Yes,Graduate,No,76017,Corporate,Texas,North
LP002792,IP43556,5468,1032,Semiurban,Y,Middle_Class_Customer,7.0%,26,360,632,Penalty_Customer,0,2,"Joe Elijah",Male,47,Yes,Graduate,No,80020,Consumer,Colorado,West
LP002794,IP43557,2667,1625,Urban,Y,Low_Class_Customer,5.0%,84,360,367,Penalty_Customer,0,4,"Ann Chong",Female,51,No,Graduate,No,10009,Corporate,"New York",East
LP002795,IP43558,10139,0,Semiurban,Y,B_Grade_Customer,7.0%,260,360,720,Penalty_Customer,2,18,"Joy Daniels",Male,60,Yes,Graduate,Yes,60610,Consumer,Illinois,North
LP002798,IP43559,3887,2669,Semiurban,Y,Low_Class_Customer,2.5%,162,360,929,High_Cibil_Score,0,4,"Christy Brittain",Male,20,Yes,Graduate,No,43229,Consumer,Ohio,East
LP002804,IP43560,4180,2306,Semiurban,Y,Low_Class_Customer,2.5%,182,360,469,Penalty_Customer,0,5,"Joy Smith",Female,28,Yes,Graduate,No,77036,Consumer,Texas,North
LP002807,IP43561,3675,242,Semiurban,Y,Low_Class_Customer,2.5%,108,360,656,Penalty_Customer,0,3,"Luke Weiss",Male,67,Yes,"Not Graduate",No,91104,Consumer,California,West
LP002813,IP43562,19484,0,Semiurban,Y,A_Grade_Customer,7.0%,600,360,169,Penalty_Customer,4,42,"Stuart Calhoun",Female,57,Yes,Graduate,Yes,77041,Consumer,Texas,North
LP002820,IP43563,5923,2054,Rural,Y,Middle_Class_Customer,7.0%,211,360,741,Penalty_Customer,1,15,"Anne McFarland",Male,36,Yes,Graduate,No,36830,Consumer,Alabama,West
LP002821,IP43564,5800,0,Semiurban,Y,Middle_Class_Customer,7.0%,132,360,70,Penalty_Customer,1,9,"Rick Huthwaite",Male,18,No,"Not Graduate",Yes,2908,"Home Office","Rhode Island",East
LP002832,IP43565,8799,0,Urban,N,Middle_Class_Customer,7.0%,258,360,524,Penalty_Customer,2,18,"Carol Triggs",Male,59,Yes,Graduate,No,55901,Consumer,Minnesota,North
LP002833,IP43566,4467,0,Rural,Y,Low_Class_Customer,3.0%,120,360,492,Penalty_Customer,0,4,"Matt Collister",Male,29,Yes,"Not Graduate",No,8861,Corporate,"New Jersey",East
LP002836,IP43567,3333,0,Urban,Y,Low_Class_Customer,5.0%,70,360,713,Penalty_Customer,0,4,"Corey Catlett",Male,23,No,Graduate,No,19134,Corporate,Pennsylvania,East
LP002837,IP43568,3400,2500,Rural,N,Low_Class_Customer,3.0%,123,360,875,No_Penalty,0,4,"Kelly Andreada",Male,49,Yes,Graduate,No,91761,Consumer,California,West
LP002840,IP43569,2378,0,Urban,N,Low_Class_Customer,5.0%,9,360,310,Penalty_Customer,0,0,"Tamara Chand",Female,27,No,Graduate,No,98105,Corporate,Washington,West
LP002841,IP43570,3166,2064,Urban,N,Low_Class_Customer,5.0%,104,360,271,Penalty_Customer,0,5,"Bart Folk",Male,31,Yes,Graduate,No,21215,Consumer,Maryland,East
LP002842,IP43571,3417,1750,Urban,Y,Low_Class_Customer,5.0%,186,360,775,No_Penalty,1,9,"Magdelene Morse",Male,20,Yes,Graduate,No,19805,Consumer,Delaware,East
LP002847,IP43572,5116,1451,Urban,N,Middle_Class_Customer,7.0%,165,360,110,Penalty_Customer,1,12,"Adrian Hane",Male,21,Yes,Graduate,No,85705,"Home Office",Arizona,West
LP002855,IP43573,16666,0,Urban,Y,A_Grade_Customer,7.0%,275,360,286,Penalty_Customer,2,19,"Ben Wallace",Male,48,Yes,Graduate,No,33437,Consumer,Florida,West
LP002862,IP43574,6125,1625,Semiurban,N,Middle_Class_Customer,7.0%,187,480,126,Penalty_Customer,1,13,"Scot Wooten",Male,38,Yes,"Not Graduate",No,95207,Consumer,California,West
LP002863,IP43575,6406,0,Semiurban,N,Middle_Class_Customer,7.0%,150,360,351,Penalty_Customer,1,11,"Brian Stugart",Male,63,Yes,Graduate,No,19143,Consumer,Pennsylvania,East
LP002868,IP43576,3159,461,Urban,Y,Low_Class_Customer,5.0%,108,84,982,High_Cibil_Score,0,5,"Randy Ferguson",Male,63,Yes,Graduate,No,3820,Corporate,"New Hampshire",East
LP002872,IP43577,3087,2210,Semiurban,N,Low_Class_Customer,2.5%,136,360,350,Penalty_Customer,0,3,"William Brown",Female,31,Yes,Graduate,No,19134,Consumer,Pennsylvania,East
LP002874,IP43578,3229,2739,Urban,Y,Low_Class_Customer,5.0%,110,360,682,Penalty_Customer,0,6,"Trudy Brown",Male,18,No,Graduate,No,75051,Consumer,Texas,North
LP002877,IP43579,1782,2232,Rural,Y,Low_Class_Customer,3.0%,107,360,804,No_Penalty,0,3,"Art Ferguson",Male,65,Yes,Graduate,No,77840,Consumer,Texas,North
LP002888,IP43580,3182,2917,Urban,Y,Low_Class_Customer,5.0%,161,360,491,Penalty_Customer,1,8,"Richard Bierner",Male,37,No,Graduate,NULL,63116,Consumer,Missouri,North
LP002892,IP43581,6540,0,Semiurban,Y,Middle_Class_Customer,7.0%,205,360,560,Penalty_Customer,1,14,"Karen Ferguson",Male,53,Yes,Graduate,No,95336,"Home Office",California,West
LP002893,IP43582,1836,33837,Urban,N,Low_Class_Customer,5.0%,90,360,92,Penalty_Customer,0,5,"John Huston",Male,61,No,Graduate,No,44240,Consumer,Ohio,East
LP002894,IP43583,3166,0,Semiurban,Y,Low_Class_Customer,2.5%,36,360,370,Penalty_Customer,0,1,"Ivan Liston",Female,21,Yes,Graduate,No,94122,Consumer,California,West
LP002898,IP43584,1880,0,Rural,N,Low_Class_Customer,3.0%,61,360,524,Penalty_Customer,0,2,"Patrick Bzostek",Male,58,Yes,Graduate,No,84106,"Home Office",Utah,West
LP002911,IP43585,2787,1917,Rural,N,Low_Class_Customer,3.0%,146,360,371,Penalty_Customer,0,4,"Rob Haberlin",Male,30,Yes,Graduate,No,35810,Consumer,Alabama,West
LP002912,IP43586,4283,3000,Rural,N,Low_Class_Customer,3.0%,172,84,817,No_Penalty,0,5,"Arthur Wiediger",Male,58,Yes,Graduate,No,60505,"Home Office",Illinois,North
LP002916,IP43587,2297,1522,Urban,Y,Low_Class_Customer,5.0%,104,360,751,No_Penalty,0,5,"Maris LaWare",Male,22,Yes,Graduate,No,6824,Consumer,Connecticut,East
LP002917,IP43588,2165,0,Semiurban,Y,Low_Class_Customer,2.5%,70,360,588,Penalty_Customer,0,2,"Dorothy Badders",Female,56,No,"Not Graduate",No,32216,Corporate,Florida,West
LP002925,IP43589,4750,0,Semiurban,Y,Low_Class_Customer,2.5%,94,360,235,Penalty_Customer,0,2,"Matt Hagelstein",Female,65,No,Graduate,No,94110,Corporate,California,West
LP002926,IP43590,2726,0,Semiurban,N,Low_Class_Customer,2.5%,106,360,851,No_Penalty,0,3,"Dennis Kane",Male,20,Yes,Graduate,Yes,43302,Consumer,Ohio,East
LP002928,IP43591,3000,3416,Semiurban,Y,Low_Class_Customer,2.5%,56,180,73,Penalty_Customer,0,1,"Bobby Trafton",Male,41,Yes,Graduate,No,80122,Consumer,Colorado,West
LP002931,IP43592,6000,0,Semiurban,N,Middle_Class_Customer,7.0%,205,240,665,Penalty_Customer,1,14,"Denny Blanton",Male,68,Yes,Graduate,Yes,46350,Consumer,Indiana,North
LP002933,IP43593,9357,0,Semiurban,Y,B_Grade_Customer,7.0%,292,360,826,No_Penalty,2,20,"Toby Gnade",Female,20,No,Graduate,Yes,90049,Consumer,California,West
LP002936,IP43594,3859,3300,Rural,Y,Low_Class_Customer,3.0%,142,180,704,Penalty_Customer,0,4,"Barry Franz",Male,56,Yes,Graduate,No,91104,"Home Office",California,West
LP002938,IP43595,16120,0,Urban,Y,A_Grade_Customer,7.0%,260,360,548,Penalty_Customer,2,18,"Justin MacKendrick",Male,18,Yes,Graduate,Yes,90004,Consumer,California,West
LP002940,IP43596,3833,0,Rural,Y,Low_Class_Customer,3.0%,110,360,407,Penalty_Customer,0,3,"Maria Zettner",Male,29,No,"Not Graduate",No,92024,"Home Office",California,West
LP002941,IP43597,6383,1000,Rural,N,Middle_Class_Customer,7.0%,187,360,257,Penalty_Customer,1,13,"Mitch Webber",Male,69,Yes,"Not Graduate",Yes,10035,Consumer,"New York",East
LP002943,IP43598,2987,0,Semiurban,N,Low_Class_Customer,2.5%,88,360,822,No_Penalty,0,2,"Mark Van Huff",Male,54,No,Graduate,No,22204,Consumer,Virginia,West
LP002945,IP43599,9963,0,Rural,Y,B_Grade_Customer,7.0%,180,360,461,Penalty_Customer,1,13,"Sean Miller",Male,62,Yes,Graduate,Yes,28110,"Home Office","North Carolina",West
LP002948,IP43600,5780,0,Urban,Y,Middle_Class_Customer,7.0%,192,360,556,Penalty_Customer,1,13,"Tom Prescott",Male,52,Yes,Graduate,No,98115,Consumer,Washington,West
LP002949,IP43601,416,41667,Urban,N,Low_Class_Customer,5.0%,350,180,760,No_Penalty,1,18,"Jim Karlsson",Female,34,No,Graduate,NULL,98115,Consumer,Washington,West
LP002950,IP43602,2894,2792,Rural,Y,Low_Class_Customer,3.0%,155,360,67,Penalty_Customer,0,5,"Patrick Jones",Male,19,Yes,"Not Graduate",NULL,37130,Corporate,Tennessee,West
LP002953,IP43603,5703,0,Urban,Y,Middle_Class_Customer,7.0%,128,360,465,Penalty_Customer,1,9,"Ricardo Sperren",Male,44,Yes,Graduate,No,98115,Corporate,Washington,West
LP002958,IP43604,3676,4301,Rural,Y,Low_Class_Customer,3.0%,172,360,863,No_Penalty,0,5,"Susan Vittorini",Male,53,No,Graduate,No,10009,Consumer,"New York",East
LP002959,IP43605,12000,0,Semiurban,Y,B_Grade_Customer,7.0%,496,360,234,Penalty_Customer,3,35,"Becky Castell",Female,35,Yes,Graduate,No,85345,"Home Office",Arizona,West
LP002961,IP43607,3400,2500,Semiurban,Y,Low_Class_Customer,2.5%,173,360,201,Penalty_Customer,0,4,"Brendan Murry",Male,22,Yes,Graduate,No,10035,Corporate,"New York",East
LP002964,IP43608,3987,1411,Rural,Y,Low_Class_Customer,3.0%,157,360,439,Penalty_Customer,0,5,"Kristina Nunn",Male,65,Yes,"Not Graduate",No,80525,"Home Office",Colorado,West
LP002974,IP43609,3232,1950,Rural,Y,Low_Class_Customer,3.0%,108,360,478,Penalty_Customer,0,3,"Kelly Williams",Male,50,Yes,Graduate,No,37042,Consumer,Tennessee,West
LP002978,IP43610,2900,0,Rural,Y,Low_Class_Customer,3.0%,71,360,982,High_Cibil_Score,0,2,"Scott Cohen",Female,24,No,Graduate,No,94122,Corporate,California,West
LP002979,IP43611,4106,0,Rural,Y,Low_Class_Customer,3.0%,40,180,946,High_Cibil_Score,0,1,"Christina VanderZanden",Male,58,Yes,Graduate,No,93727,Consumer,California,West
LP002983,IP43612,8072,240,Urban,Y,Middle_Class_Customer,7.0%,253,360,961,High_Cibil_Score,1,18,"Speros Goranitis",Male,69,Yes,Graduate,No,10009,Consumer,"New York",East
LP002984,IP43613,7583,0,Urban,Y,Middle_Class_Customer,7.0%,187,360,121,Penalty_Customer,1,13,"Tamara Manning",Male,31,Yes,Graduate,No,94122,Consumer,California,West
LP002990,IP43614,4583,0,Semiurban,N,Low_Class_Customer,2.5%,133,360,792,No_Penalty,0,3,"Eleni McCrary",Female,59,No,Graduate,Yes,90036,Corporate,California,West
