Loan_ID,Customer_ID,ApplicantIncome,CoapplicantIncome,Property_Area,Loan_Status,Customer_Criteria,Interest_Rate,loanamount,loan_amount_term,cibil_score,cibil_score_status,monthly_interest_amount,annual_interest_amount
LP001003,IP43002,4583,1508,Rural,N,Low_Class_Customer,3.0,128,360,920,High_Cibil_Score,0,4
LP001005,IP43003,3000,0,Urban,Y,Low_Class_Customer,5.0,66,360,606,Penalty_Customer,0,3
LP001006,IP43004,2583,2358,Urban,Y,Low_Class_Customer,5.0,120,360,851,No_Penalty,1,6
LP001008,IP43005,6000,0,Urban,Y,Middle_Class_Customer,7.0,141,360,420,Penalty_Customer,1,10
LP001011,IP43006,5417,4196,Urban,Y,Middle_Class_Customer,7.0,267,360,173,Penalty_Customer,2,19
LP001013,IP43007,2333,1516,Urban,Y,Low_Class_Customer,5.0,95,360,650,Penalty_Customer,0,5
LP001014,IP43008,3036,2504,Semiurban,N,Low_Class_Customer,2.5,158,360,471,Penalty_Customer,0,4
LP001018,IP43009,4006,1526,Urban,Y,Low_Class_Customer,5.0,168,360,863,No_Penalty,1,8
LP001020,IP43010,12841,10968,Semiurban,N,B_Grade_Customer,7.0,349,360,730,Penalty_Customer,2,24
LP001024,IP43011,3200,700,Urban,Y,Low_Class_Customer,5.0,70,360,143,Penalty_Customer,0,4
LP001027,IP43012,2500,1840,Urban,Y,Low_Class_Customer,5.0,109,360,384,Penalty_Customer,0,5
LP001028,IP43013,3073,8106,Urban,Y,Low_Class_Customer,5.0,200,360,928,High_Cibil_Score,1,10
LP001029,IP43014,1853,2840,Rural,N,Low_Class_Customer,3.0,114,360,455,Penalty_Customer,0,3
LP001030,IP43015,1299,1086,Urban,Y,Low_Class_Customer,5.0,17,120,564,Penalty_Customer,0,1
LP001032,IP43016,4950,0,Urban,Y,Low_Class_Customer,5.0,125,360,477,Penalty_Customer,1,6
LP001034,IP43017,3596,0,Urban,Y,Low_Class_Customer,5.0,100,240,888,No_Penalty,0,5
LP001036,IP43018,3510,0,Urban,N,Low_Class_Customer,5.0,76,360,387,Penalty_Customer,0,4
LP001038,IP43019,4887,0,Rural,N,Low_Class_Customer,3.0,133,360,371,Penalty_Customer,0,4
LP001041,IP43020,2600,3500,Urban,Y,Low_Class_Customer,5.0,115,0,537,Penalty_Customer,0,6
LP001043,IP43021,7660,0,Urban,N,Middle_Class_Customer,7.0,104,360,534,Penalty_Customer,1,7
LP001046,IP43022,5955,5625,Urban,Y,Middle_Class_Customer,7.0,315,360,903,High_Cibil_Score,2,22
LP001047,IP43023,2600,1911,Semiurban,N,Low_Class_Customer,2.5,116,360,615,Penalty_Customer,0,3
LP001050,IP43024,3365,1917,Rural,N,Low_Class_Customer,3.0,112,360,593,Penalty_Customer,0,3
LP001052,IP43025,3717,2925,Semiurban,N,Low_Class_Customer,2.5,151,360,79,Penalty_Customer,0,4
LP001066,IP43026,9560,0,Semiurban,Y,B_Grade_Customer,7.0,191,360,293,Penalty_Customer,1,13
LP001068,IP43027,2799,2253,Semiurban,Y,Low_Class_Customer,2.5,122,360,999,High_Cibil_Score,0,3
LP001073,IP43028,4226,1040,Urban,Y,Low_Class_Customer,5.0,110,360,781,No_Penalty,0,6
LP001086,IP43029,1442,0,Urban,N,Low_Class_Customer,5.0,35,360,521,Penalty_Customer,0,2
LP001087,IP43030,3750,2083,Semiurban,Y,Low_Class_Customer,2.5,120,360,620,Penalty_Customer,0,3
LP001091,IP43031,4166,3369,Urban,N,Low_Class_Customer,5.0,201,360,972,High_Cibil_Score,1,10
LP001095,IP43032,3167,0,Urban,N,Low_Class_Customer,5.0,74,360,425,Penalty_Customer,0,4
LP001097,IP43033,4692,0,Rural,N,Low_Class_Customer,3.0,106,360,420,Penalty_Customer,0,3
LP001098,IP43034,3500,1667,Semiurban,Y,Low_Class_Customer,2.5,114,360,667,Penalty_Customer,0,3
LP001100,IP43035,12500,3000,Rural,N,B_Grade_Customer,7.0,320,360,889,No_Penalty,2,22
LP001109,IP43037,1828,1330,Urban,N,Low_Class_Customer,5.0,100,0,413,Penalty_Customer,0,5
LP001112,IP43038,3667,1459,Semiurban,Y,Low_Class_Customer,2.5,144,360,139,Penalty_Customer,0,4
LP001114,IP43039,4166,7210,Urban,Y,Low_Class_Customer,5.0,184,360,812,No_Penalty,1,9
LP001116,IP43040,3748,1668,Semiurban,Y,Low_Class_Customer,2.5,110,360,71,Penalty_Customer,0,3
LP001119,IP43041,3600,0,Urban,N,Low_Class_Customer,5.0,80,360,374,Penalty_Customer,0,4
LP001120,IP43042,1800,1213,Urban,Y,Low_Class_Customer,5.0,47,360,472,Penalty_Customer,0,2
LP001123,IP43043,2400,0,Urban,Y,Low_Class_Customer,5.0,75,360,881,No_Penalty,0,4
LP001131,IP43044,3941,2336,Semiurban,Y,Low_Class_Customer,2.5,134,360,80,Penalty_Customer,0,3
LP001136,IP43045,4695,0,Urban,Y,Low_Class_Customer,5.0,96,0,760,No_Penalty,0,5
LP001137,IP43046,3410,0,Urban,Y,Low_Class_Customer,5.0,88,0,495,Penalty_Customer,0,4
LP001138,IP43047,5649,0,Urban,Y,Middle_Class_Customer,7.0,44,360,197,Penalty_Customer,0,3
LP001144,IP43048,5821,0,Urban,Y,Middle_Class_Customer,7.0,144,360,151,Penalty_Customer,1,10
LP001146,IP43049,2645,3440,Urban,N,Low_Class_Customer,5.0,120,360,733,Penalty_Customer,1,6
LP001151,IP43050,4000,2275,Semiurban,Y,Low_Class_Customer,2.5,144,360,187,Penalty_Customer,0,4
LP001155,IP43051,1928,1644,Semiurban,Y,Low_Class_Customer,2.5,100,360,808,No_Penalty,0,3
LP001157,IP43052,3086,0,Semiurban,Y,Low_Class_Customer,2.5,120,360,475,Penalty_Customer,0,3
LP001164,IP43053,4230,0,Semiurban,N,Low_Class_Customer,2.5,112,360,359,Penalty_Customer,0,3
LP001179,IP43054,4616,0,Urban,N,Low_Class_Customer,5.0,134,360,716,Penalty_Customer,1,7
LP001186,IP43055,11500,0,Urban,N,B_Grade_Customer,7.0,286,360,546,Penalty_Customer,2,20
LP001194,IP43056,2708,1167,Semiurban,Y,Low_Class_Customer,2.5,97,360,509,Penalty_Customer,0,2
LP001195,IP43057,2132,1591,Semiurban,Y,Low_Class_Customer,2.5,96,360,160,Penalty_Customer,0,2
LP001197,IP43058,3366,2200,Rural,N,Low_Class_Customer,3.0,135,360,186,Penalty_Customer,0,4
LP001198,IP43059,8080,2250,Urban,Y,Middle_Class_Customer,7.0,180,360,781,No_Penalty,1,13
LP001199,IP43060,3357,2859,Urban,Y,Low_Class_Customer,5.0,144,360,949,High_Cibil_Score,1,7
LP001205,IP43061,2500,3796,Urban,Y,Low_Class_Customer,5.0,120,360,629,Penalty_Customer,1,6
LP001206,IP43062,3029,0,Urban,Y,Low_Class_Customer,5.0,99,360,803,No_Penalty,0,5
LP001207,IP43063,2609,3449,Rural,N,Low_Class_Customer,3.0,165,180,889,No_Penalty,0,5
LP001222,IP43065,4166,0,Semiurban,N,Low_Class_Customer,2.5,116,360,924,High_Cibil_Score,0,3
LP001225,IP43066,5726,4595,Semiurban,N,Middle_Class_Customer,7.0,258,360,261,Penalty_Customer,2,18
LP001228,IP43067,3200,2254,Urban,N,Low_Class_Customer,5.0,126,180,339,Penalty_Customer,1,6
LP001233,IP43068,10750,0,Urban,Y,B_Grade_Customer,7.0,312,360,551,Penalty_Customer,2,22
LP001238,IP43069,7100,0,Urban,Y,Middle_Class_Customer,7.0,125,60,227,Penalty_Customer,1,9
LP001241,IP43070,4300,0,Semiurban,N,Low_Class_Customer,2.5,136,360,827,No_Penalty,0,3
LP001243,IP43071,3208,3066,Urban,Y,Low_Class_Customer,5.0,172,360,240,Penalty_Customer,1,9
LP001245,IP43072,1875,1875,Semiurban,Y,Low_Class_Customer,2.5,97,360,245,Penalty_Customer,0,2
LP001248,IP43073,3500,0,Semiurban,Y,Low_Class_Customer,2.5,81,300,252,Penalty_Customer,0,2
LP001250,IP43074,4755,0,Semiurban,N,Low_Class_Customer,2.5,95,0,594,Penalty_Customer,0,2
LP001253,IP43075,5266,1774,Semiurban,Y,Middle_Class_Customer,7.0,187,360,520,Penalty_Customer,1,13
LP001255,IP43076,3750,0,Urban,N,Low_Class_Customer,5.0,113,480,74,Penalty_Customer,0,6
LP001256,IP43077,3750,4750,Urban,N,Low_Class_Customer,5.0,176,360,492,Penalty_Customer,1,9
LP001259,IP43078,1000,3022,Urban,N,Low_Class_Customer,5.0,110,360,399,Penalty_Customer,0,6
LP001263,IP43079,3167,4000,Semiurban,N,Low_Class_Customer,2.5,180,300,342,Penalty_Customer,0,5
LP001264,IP43080,3333,2166,Semiurban,Y,Low_Class_Customer,2.5,130,360,951,High_Cibil_Score,0,3
LP001265,IP43081,3846,0,Semiurban,Y,Low_Class_Customer,2.5,111,360,431,Penalty_Customer,0,3
LP001267,IP43083,1378,1881,Urban,N,Low_Class_Customer,5.0,167,360,309,Penalty_Customer,1,8
LP001273,IP43084,6000,2250,Semiurban,N,Middle_Class_Customer,7.0,265,360,393,Penalty_Customer,2,19
LP001275,IP43085,3988,0,Urban,Y,Low_Class_Customer,5.0,50,240,933,High_Cibil_Score,0,3
LP001279,IP43086,2366,2531,Semiurban,Y,Low_Class_Customer,2.5,136,360,720,Penalty_Customer,0,3
LP001280,IP43087,3333,2000,Semiurban,Y,Low_Class_Customer,2.5,99,360,985,High_Cibil_Score,0,2
LP001282,IP43088,2500,2118,Semiurban,Y,Low_Class_Customer,2.5,104,360,789,No_Penalty,0,3
LP001289,IP43089,8566,0,Urban,Y,Middle_Class_Customer,7.0,210,360,611,Penalty_Customer,1,15
LP001310,IP43090,5695,4167,Semiurban,Y,Middle_Class_Customer,7.0,175,360,429,Penalty_Customer,1,12
LP001316,IP43091,2958,2900,Semiurban,Y,Low_Class_Customer,2.5,131,360,497,Penalty_Customer,0,3
LP001318,IP43092,6250,5654,Semiurban,Y,Middle_Class_Customer,7.0,188,180,71,Penalty_Customer,1,13
LP001319,IP43093,3273,1820,Urban,Y,Low_Class_Customer,5.0,81,360,225,Penalty_Customer,0,4
LP001322,IP43094,4133,0,Semiurban,Y,Low_Class_Customer,2.5,122,360,148,Penalty_Customer,0,3
LP001325,IP43095,3620,0,Semiurban,Y,Low_Class_Customer,2.5,25,120,680,Penalty_Customer,0,1
LP001327,IP43097,2484,2302,Semiurban,Y,Low_Class_Customer,2.5,137,360,558,Penalty_Customer,0,3
LP001333,IP43098,1977,997,Semiurban,Y,Low_Class_Customer,2.5,50,360,994,High_Cibil_Score,0,1
LP001334,IP43099,4188,0,Semiurban,Y,Low_Class_Customer,2.5,115,180,632,Penalty_Customer,0,3
LP001343,IP43100,1759,3541,Semiurban,Y,Low_Class_Customer,2.5,131,360,213,Penalty_Customer,0,3
LP001345,IP43101,4288,3263,Urban,Y,Low_Class_Customer,5.0,133,180,759,No_Penalty,1,7
LP001349,IP43102,4843,3806,Semiurban,Y,Low_Class_Customer,2.5,151,360,263,Penalty_Customer,0,4
LP001357,IP43105,3816,754,Urban,Y,Low_Class_Customer,5.0,160,360,200,Penalty_Customer,1,8
LP001367,IP43106,3052,1030,Urban,Y,Low_Class_Customer,5.0,100,360,157,Penalty_Customer,0,5
LP001369,IP43107,11417,1126,Urban,Y,B_Grade_Customer,7.0,225,360,636,Penalty_Customer,1,16
LP001370,IP43108,7333,0,Rural,N,Middle_Class_Customer,7.0,120,360,550,Penalty_Customer,1,8
LP001379,IP43109,3800,3600,Urban,N,Low_Class_Customer,5.0,216,360,231,Penalty_Customer,1,11
LP001384,IP43110,2071,754,Semiurban,Y,Low_Class_Customer,2.5,94,480,336,Penalty_Customer,0,2
LP001385,IP43111,5316,0,Urban,Y,Middle_Class_Customer,7.0,136,360,555,Penalty_Customer,1,10
LP001387,IP43112,2929,2333,Semiurban,Y,Low_Class_Customer,2.5,139,360,680,Penalty_Customer,0,3
LP001391,IP43113,3572,4114,Rural,N,Low_Class_Customer,3.0,152,0,140,Penalty_Customer,0,5
LP001398,IP43115,5050,0,Semiurban,Y,Middle_Class_Customer,7.0,118,360,278,Penalty_Customer,1,8
LP001401,IP43116,14583,0,Rural,Y,B_Grade_Customer,7.0,185,180,478,Penalty_Customer,1,13
LP001404,IP43117,3167,2283,Semiurban,Y,Low_Class_Customer,2.5,154,360,919,High_Cibil_Score,0,4
LP001405,IP43118,2214,1398,Urban,Y,Low_Class_Customer,5.0,85,360,570,Penalty_Customer,0,4
LP001421,IP43119,5568,2142,Rural,N,Middle_Class_Customer,7.0,175,360,375,Penalty_Customer,1,12
LP001422,IP43120,10408,0,Urban,Y,B_Grade_Customer,7.0,259,360,997,High_Cibil_Score,2,18
LP001426,IP43121,5667,2667,Rural,Y,Middle_Class_Customer,7.0,180,360,731,Penalty_Customer,1,13
LP001430,IP43122,4166,0,Semiurban,Y,Low_Class_Customer,2.5,44,360,483,Penalty_Customer,0,1
LP001431,IP43123,2137,8980,Semiurban,Y,Low_Class_Customer,2.5,137,360,877,No_Penalty,0,3
LP001432,IP43124,2957,0,Semiurban,Y,Low_Class_Customer,2.5,81,360,815,No_Penalty,0,2
LP001439,IP43125,4300,2014,Rural,Y,Low_Class_Customer,3.0,194,360,213,Penalty_Customer,0,6
LP001443,IP43126,3692,0,Rural,Y,Low_Class_Customer,3.0,93,360,403,Penalty_Customer,0,3
LP001448,IP43127,23803,0,Rural,Y,A_Grade_Customer,7.0,370,360,249,Penalty_Customer,2,26
LP001451,IP43129,10513,3850,Urban,N,B_Grade_Customer,7.0,160,180,929,High_Cibil_Score,1,11
LP001465,IP43130,6080,2569,Rural,N,Middle_Class_Customer,7.0,182,360,454,Penalty_Customer,1,13
LP001469,IP43131,20166,0,Urban,Y,A_Grade_Customer,7.0,650,480,840,No_Penalty,4,46
LP001473,IP43132,2014,1929,Urban,Y,Low_Class_Customer,5.0,74,360,208,Penalty_Customer,0,4
LP001478,IP43133,2718,0,Semiurban,Y,Low_Class_Customer,2.5,70,360,353,Penalty_Customer,0,2
LP001482,IP43134,3459,0,Semiurban,Y,Low_Class_Customer,2.5,25,120,926,High_Cibil_Score,0,1
LP001487,IP43135,4895,0,Semiurban,Y,Low_Class_Customer,2.5,102,360,688,Penalty_Customer,0,3
LP001488,IP43136,4000,7750,Semiurban,N,Low_Class_Customer,2.5,290,360,433,Penalty_Customer,1,7
LP001489,IP43137,4583,0,Rural,N,Low_Class_Customer,3.0,84,360,113,Penalty_Customer,0,3
LP001491,IP43138,3316,3500,Urban,Y,Low_Class_Customer,5.0,88,360,129,Penalty_Customer,0,4
LP001492,IP43139,14999,0,Semiurban,N,B_Grade_Customer,7.0,242,360,663,Penalty_Customer,1,17
LP001493,IP43140,4200,1430,Rural,N,Low_Class_Customer,3.0,129,360,684,Penalty_Customer,0,4
LP001497,IP43141,5042,2083,Rural,N,Middle_Class_Customer,7.0,185,360,266,Penalty_Customer,1,13
LP001498,IP43142,5417,0,Urban,Y,Middle_Class_Customer,7.0,168,360,883,No_Penalty,1,12
LP001504,IP43143,6950,0,Semiurban,Y,Middle_Class_Customer,7.0,175,180,465,Penalty_Customer,1,12
LP001507,IP43144,2698,2034,Semiurban,Y,Low_Class_Customer,2.5,122,360,291,Penalty_Customer,0,3
LP001508,IP43145,11757,0,Urban,Y,B_Grade_Customer,7.0,187,180,227,Penalty_Customer,1,13
LP001514,IP43146,2330,4486,Semiurban,Y,Low_Class_Customer,2.5,100,360,923,High_Cibil_Score,0,3
LP001516,IP43147,14866,0,Urban,Y,B_Grade_Customer,7.0,70,360,129,Penalty_Customer,0,5
LP001518,IP43148,1538,1425,Urban,Y,Low_Class_Customer,5.0,30,360,142,Penalty_Customer,0,2
LP001519,IP43149,10000,1666,Rural,N,B_Grade_Customer,7.0,225,360,871,No_Penalty,1,16
LP001520,IP43150,4860,830,Semiurban,Y,Low_Class_Customer,2.5,125,360,193,Penalty_Customer,0,3
LP001528,IP43151,6277,0,Rural,N,Middle_Class_Customer,7.0,118,360,367,Penalty_Customer,1,8
LP001529,IP43152,2577,3750,Rural,Y,Low_Class_Customer,3.0,152,360,888,No_Penalty,0,5
LP001531,IP43153,9166,0,Urban,N,B_Grade_Customer,7.0,244,360,484,Penalty_Customer,1,17
LP001532,IP43154,2281,0,Rural,N,Low_Class_Customer,3.0,113,360,390,Penalty_Customer,0,3
LP001535,IP43155,3254,0,Urban,Y,Low_Class_Customer,5.0,50,360,940,High_Cibil_Score,0,3
LP001536,IP43156,39999,0,Semiurban,Y,A_Grade_Customer,7.0,600,180,738,Penalty_Customer,4,42
LP001541,IP43157,6000,0,Rural,Y,Middle_Class_Customer,7.0,160,360,164,Penalty_Customer,1,11
LP001543,IP43158,9538,0,Urban,Y,B_Grade_Customer,7.0,187,360,483,Penalty_Customer,1,13
LP001546,IP43159,2980,2083,Rural,Y,Low_Class_Customer,3.0,120,360,424,Penalty_Customer,0,4
LP001552,IP43160,4583,5625,Semiurban,Y,Low_Class_Customer,2.5,255,360,934,High_Cibil_Score,1,6
LP001560,IP43161,1863,1041,Semiurban,Y,Low_Class_Customer,2.5,98,360,805,No_Penalty,0,2
LP001562,IP43162,7933,0,Urban,N,Middle_Class_Customer,7.0,275,360,538,Penalty_Customer,2,19
LP001565,IP43163,3089,1280,Semiurban,N,Low_Class_Customer,2.5,400,360,0,Penalty_Customer,1,10
LP001570,IP43164,4167,1447,Rural,Y,Low_Class_Customer,3.0,158,360,82,Penalty_Customer,0,5
LP001572,IP43165,9323,0,Urban,Y,B_Grade_Customer,7.0,75,180,227,Penalty_Customer,0,5
LP001574,IP43166,3707,3166,Rural,Y,Low_Class_Customer,3.0,182,0,471,Penalty_Customer,0,5
LP001577,IP43167,4583,0,Rural,N,Low_Class_Customer,3.0,112,360,330,Penalty_Customer,0,3
LP001578,IP43168,2439,3333,Rural,Y,Low_Class_Customer,3.0,129,360,61,Penalty_Customer,0,4
LP001579,IP43169,2237,0,Semiurban,N,Low_Class_Customer,2.5,63,480,780,No_Penalty,0,2
LP001580,IP43170,8000,0,Semiurban,Y,Middle_Class_Customer,7.0,200,360,576,Penalty_Customer,1,14
LP001581,IP43171,1820,1769,Rural,Y,Low_Class_Customer,3.0,95,360,258,Penalty_Customer,0,3
LP001585,IP43172,51763,0,Urban,Y,A_Grade_Customer,7.0,700,300,709,Penalty_Customer,4,49
LP001586,IP43173,3522,0,Rural,N,Low_Class_Customer,3.0,81,180,662,Penalty_Customer,0,2
LP001594,IP43174,5708,5625,Semiurban,Y,Middle_Class_Customer,7.0,187,360,371,Penalty_Customer,1,13
LP001603,IP43175,4344,736,Semiurban,N,Low_Class_Customer,2.5,87,360,710,Penalty_Customer,0,2
LP001606,IP43176,3497,1964,Rural,Y,Low_Class_Customer,3.0,116,360,606,Penalty_Customer,0,3
LP001608,IP43177,2045,1619,Rural,Y,Low_Class_Customer,3.0,101,360,789,No_Penalty,0,3
LP001610,IP43178,5516,11300,Semiurban,N,Middle_Class_Customer,7.0,495,360,793,No_Penalty,3,35
LP001616,IP43179,3750,0,Semiurban,Y,Low_Class_Customer,2.5,116,360,473,Penalty_Customer,0,3
LP001630,IP43180,2333,1451,Urban,N,Low_Class_Customer,5.0,102,480,440,Penalty_Customer,0,5
LP001633,IP43181,6400,7250,Urban,N,Middle_Class_Customer,7.0,180,360,283,Penalty_Customer,1,13
LP001634,IP43182,1916,5063,Rural,N,Low_Class_Customer,3.0,320,360,0,Penalty_Customer,1,10
LP001636,IP43183,4600,0,Semiurban,Y,Low_Class_Customer,2.5,73,180,433,Penalty_Customer,0,2
LP001637,IP43184,33846,0,Semiurban,N,A_Grade_Customer,7.0,260,360,660,Penalty_Customer,2,18
LP001639,IP43185,3625,0,Semiurban,Y,Low_Class_Customer,2.5,108,360,395,Penalty_Customer,0,3
LP001640,IP43186,39147,4750,Semiurban,Y,A_Grade_Customer,7.0,120,360,72,Penalty_Customer,1,8
LP001641,IP43187,2178,0,Rural,N,Low_Class_Customer,3.0,66,300,794,No_Penalty,0,2
LP001643,IP43188,2383,2138,Rural,Y,Low_Class_Customer,3.0,58,360,902,High_Cibil_Score,0,2
LP001644,IP43189,674,5296,Rural,Y,Low_Class_Customer,3.0,168,360,582,Penalty_Customer,0,5
LP001647,IP43190,9328,0,Rural,Y,B_Grade_Customer,7.0,188,180,264,Penalty_Customer,1,13
LP001653,IP43191,4885,0,Rural,Y,Low_Class_Customer,3.0,48,360,700,Penalty_Customer,0,1
LP001656,IP43192,12000,0,Semiurban,N,B_Grade_Customer,7.0,164,360,513,Penalty_Customer,1,11
LP001657,IP43193,6033,0,Urban,N,Middle_Class_Customer,7.0,160,360,153,Penalty_Customer,1,11
LP001658,IP43194,3858,0,Semiurban,Y,Low_Class_Customer,2.5,76,360,500,Penalty_Customer,0,2
LP001664,IP43195,4191,0,Rural,Y,Low_Class_Customer,3.0,120,360,114,Penalty_Customer,0,4
LP001665,IP43196,3125,2583,Semiurban,N,Low_Class_Customer,2.5,170,360,932,High_Cibil_Score,0,4
LP001666,IP43197,8333,3750,Rural,Y,Middle_Class_Customer,7.0,187,360,537,Penalty_Customer,1,13
LP001669,IP43198,1907,2365,Urban,Y,Low_Class_Customer,5.0,120,0,520,Penalty_Customer,1,6
LP001671,IP43199,3416,2816,Semiurban,Y,Low_Class_Customer,2.5,113,360,315,Penalty_Customer,0,3
LP001673,IP43200,11000,0,Urban,N,B_Grade_Customer,7.0,83,360,507,Penalty_Customer,0,6
LP001674,IP43201,2600,2500,Semiurban,Y,Low_Class_Customer,2.5,90,360,420,Penalty_Customer,0,2
LP001677,IP43202,4923,0,Semiurban,Y,Low_Class_Customer,2.5,166,360,289,Penalty_Customer,0,4
LP001688,IP43204,3500,1083,Urban,Y,Low_Class_Customer,5.0,135,360,947,High_Cibil_Score,1,7
LP001691,IP43205,3917,0,Semiurban,Y,Low_Class_Customer,2.5,124,360,642,Penalty_Customer,0,3
LP001692,IP43206,4408,0,Semiurban,Y,Low_Class_Customer,2.5,120,360,638,Penalty_Customer,0,3
LP001693,IP43207,3244,0,Urban,Y,Low_Class_Customer,5.0,80,360,303,Penalty_Customer,0,4
LP001698,IP43208,3975,2531,Rural,Y,Low_Class_Customer,3.0,55,360,816,No_Penalty,0,2
LP001699,IP43209,2479,0,Urban,Y,Low_Class_Customer,5.0,59,360,873,No_Penalty,0,3
LP001702,IP43210,3418,0,Semiurban,N,Low_Class_Customer,2.5,127,360,80,Penalty_Customer,0,3
LP001708,IP43211,10000,0,Semiurban,N,B_Grade_Customer,7.0,214,360,814,No_Penalty,1,15
LP001711,IP43212,3430,1250,Semiurban,N,Low_Class_Customer,2.5,128,360,981,High_Cibil_Score,0,3
LP001713,IP43213,7787,0,Urban,Y,Middle_Class_Customer,7.0,240,360,728,Penalty_Customer,1,17
LP001715,IP43214,5703,0,Rural,Y,Middle_Class_Customer,7.0,130,360,738,Penalty_Customer,1,9
LP001716,IP43215,3173,3021,Urban,Y,Low_Class_Customer,5.0,137,360,145,Penalty_Customer,1,7
LP001720,IP43216,3850,983,Semiurban,Y,Low_Class_Customer,2.5,100,360,753,No_Penalty,0,3
LP001722,IP43217,150,1800,Rural,N,Low_Class_Customer,3.0,135,360,249,Penalty_Customer,0,4
LP001726,IP43218,3727,1775,Semiurban,Y,Low_Class_Customer,2.5,131,360,237,Penalty_Customer,0,3
LP001732,IP43219,5000,0,Semiurban,N,Low_Class_Customer,7.0,72,360,854,No_Penalty,0,5
LP001734,IP43220,4283,2383,Semiurban,Y,Low_Class_Customer,2.5,127,360,751,No_Penalty,0,3
LP001736,IP43221,2221,0,Urban,N,Low_Class_Customer,5.0,60,360,897,No_Penalty,0,3
LP001743,IP43222,4009,1717,Semiurban,Y,Low_Class_Customer,2.5,116,360,805,No_Penalty,0,3
LP001744,IP43223,2971,2791,Semiurban,Y,Low_Class_Customer,2.5,144,360,637,Penalty_Customer,0,4
LP001749,IP43224,7578,1010,Semiurban,Y,Middle_Class_Customer,7.0,175,0,56,Penalty_Customer,1,12
LP001750,IP43225,6250,0,Semiurban,Y,Middle_Class_Customer,7.0,128,360,312,Penalty_Customer,1,9
LP001751,IP43226,3250,0,Rural,N,Low_Class_Customer,3.0,170,360,931,High_Cibil_Score,0,5
LP001754,IP43227,4735,0,Urban,N,Low_Class_Customer,5.0,138,360,662,Penalty_Customer,1,7
LP001758,IP43228,6250,1695,Semiurban,Y,Middle_Class_Customer,7.0,210,360,63,Penalty_Customer,1,15
LP001760,IP43229,4758,0,Semiurban,Y,Low_Class_Customer,2.5,158,480,108,Penalty_Customer,0,4
LP001761,IP43230,6400,0,Rural,Y,Middle_Class_Customer,7.0,200,360,982,High_Cibil_Score,1,14
LP001765,IP43231,2491,2054,Semiurban,Y,Low_Class_Customer,2.5,190,360,0,Penalty_Customer,0,5
LP001768,IP43232,3716,0,Rural,Y,Low_Class_Customer,3.0,42,180,414,Penalty_Customer,0,1
LP001770,IP43233,3189,2598,Rural,Y,Low_Class_Customer,3.0,120,0,575,Penalty_Customer,0,4
LP001776,IP43234,8333,0,Semiurban,Y,Middle_Class_Customer,7.0,280,360,667,Penalty_Customer,2,20
LP001778,IP43235,3155,1779,Semiurban,Y,Low_Class_Customer,2.5,140,360,171,Penalty_Customer,0,4
LP001784,IP43236,5500,1260,Rural,Y,Middle_Class_Customer,7.0,170,360,819,No_Penalty,1,12
LP001786,IP43237,5746,0,Urban,N,Middle_Class_Customer,7.0,255,360,392,Penalty_Customer,1,18
LP001788,IP43238,3463,0,Urban,Y,Low_Class_Customer,5.0,122,360,129,Penalty_Customer,1,6
LP001790,IP43239,3812,0,Rural,Y,Low_Class_Customer,3.0,112,360,886,No_Penalty,0,3
LP001792,IP43240,3315,0,Semiurban,Y,Low_Class_Customer,2.5,96,360,808,No_Penalty,0,2
LP001798,IP43241,5819,5000,Rural,Y,Middle_Class_Customer,7.0,120,360,668,Penalty_Customer,1,8
LP001800,IP43242,2510,1983,Urban,N,Low_Class_Customer,5.0,140,180,783,No_Penalty,1,7
LP001806,IP43243,2965,5701,Urban,Y,Low_Class_Customer,5.0,155,60,886,No_Penalty,1,8
LP001807,IP43244,6250,1300,Rural,Y,Middle_Class_Customer,7.0,108,360,659,Penalty_Customer,1,8
LP001811,IP43245,3406,4417,Semiurban,Y,Low_Class_Customer,2.5,123,360,925,High_Cibil_Score,0,3
LP001813,IP43246,6050,4333,Urban,N,Middle_Class_Customer,7.0,120,180,366,Penalty_Customer,1,8
LP001814,IP43247,9703,0,Urban,Y,B_Grade_Customer,7.0,112,360,871,No_Penalty,1,8
LP001819,IP43248,6608,0,Urban,Y,Middle_Class_Customer,7.0,137,180,492,Penalty_Customer,1,10
LP001824,IP43249,2882,1843,Semiurban,Y,Low_Class_Customer,2.5,123,480,472,Penalty_Customer,0,3
LP001825,IP43250,1809,1868,Urban,Y,Low_Class_Customer,5.0,90,360,216,Penalty_Customer,0,5
LP001835,IP43251,1668,3890,Semiurban,N,Low_Class_Customer,2.5,201,360,310,Penalty_Customer,0,5
LP001836,IP43252,3427,0,Urban,N,Low_Class_Customer,5.0,138,360,982,High_Cibil_Score,1,7
LP001841,IP43253,2583,2167,Rural,Y,Low_Class_Customer,3.0,104,360,91,Penalty_Customer,0,3
LP001843,IP43254,2661,7101,Semiurban,Y,Low_Class_Customer,2.5,279,180,952,High_Cibil_Score,1,7
LP001844,IP43255,16250,0,Urban,N,A_Grade_Customer,7.0,192,360,793,No_Penalty,1,13
LP001846,IP43256,3083,0,Rural,Y,Low_Class_Customer,3.0,255,360,309,Penalty_Customer,1,8
LP001849,IP43257,6045,0,Rural,N,Middle_Class_Customer,7.0,115,360,980,High_Cibil_Score,1,8
LP001854,IP43258,5250,0,Urban,N,Middle_Class_Customer,7.0,94,360,425,Penalty_Customer,1,7
LP001859,IP43259,14683,2100,Rural,N,B_Grade_Customer,7.0,304,360,243,Penalty_Customer,2,21
LP001864,IP43260,4931,0,Semiurban,N,Low_Class_Customer,2.5,128,360,618,Penalty_Customer,0,3
LP001865,IP43261,6083,4250,Urban,Y,Middle_Class_Customer,7.0,330,360,291,Penalty_Customer,2,23
LP001868,IP43262,2060,2209,Semiurban,Y,Low_Class_Customer,2.5,134,360,418,Penalty_Customer,0,3
LP001870,IP43263,3481,0,Semiurban,N,Low_Class_Customer,2.5,155,36,245,Penalty_Customer,0,4
LP001871,IP43264,7200,0,Rural,Y,Middle_Class_Customer,7.0,120,360,475,Penalty_Customer,1,8
LP001872,IP43265,5166,0,Semiurban,Y,Middle_Class_Customer,7.0,128,360,583,Penalty_Customer,1,9
LP001875,IP43266,4095,3447,Rural,Y,Low_Class_Customer,3.0,151,360,387,Penalty_Customer,0,5
LP001877,IP43267,4708,1387,Semiurban,Y,Low_Class_Customer,2.5,150,360,292,Penalty_Customer,0,4
LP001882,IP43268,4333,1811,Urban,Y,Low_Class_Customer,5.0,160,360,56,Penalty_Customer,1,8
LP001883,IP43269,3418,0,Rural,N,Low_Class_Customer,3.0,135,360,732,Penalty_Customer,0,4
LP001884,IP43270,2876,1560,Urban,Y,Low_Class_Customer,5.0,90,360,70,Penalty_Customer,0,5
LP001888,IP43271,3237,0,Urban,Y,Low_Class_Customer,5.0,30,360,438,Penalty_Customer,0,2
LP001891,IP43272,11146,0,Urban,Y,B_Grade_Customer,7.0,136,360,568,Penalty_Customer,1,10
LP001892,IP43273,2833,1857,Rural,Y,Low_Class_Customer,3.0,126,360,166,Penalty_Customer,0,4
LP001894,IP43274,2620,2223,Semiurban,Y,Low_Class_Customer,2.5,150,360,952,High_Cibil_Score,0,4
LP001896,IP43275,3900,0,Semiurban,Y,Low_Class_Customer,2.5,90,360,763,No_Penalty,0,2
LP001900,IP43276,2750,1842,Semiurban,Y,Low_Class_Customer,2.5,115,360,999,High_Cibil_Score,0,3
LP001903,IP43277,3993,3274,Semiurban,Y,Low_Class_Customer,2.5,207,360,468,Penalty_Customer,0,5
LP001904,IP43278,3103,1300,Urban,Y,Low_Class_Customer,5.0,80,360,201,Penalty_Customer,0,4
LP001907,IP43279,14583,0,Semiurban,Y,B_Grade_Customer,7.0,436,360,398,Penalty_Customer,3,31
LP001908,IP43280,4100,0,Rural,Y,Low_Class_Customer,3.0,124,360,320,Penalty_Customer,0,4
LP001910,IP43281,4053,2426,Urban,N,Low_Class_Customer,5.0,158,360,932,High_Cibil_Score,1,8
LP001914,IP43282,3927,800,Semiurban,Y,Low_Class_Customer,2.5,112,360,641,Penalty_Customer,0,3
LP001915,IP43283,2301,986,Urban,Y,Low_Class_Customer,5.0,78,180,818,No_Penalty,0,4
LP001917,IP43284,1811,1666,Urban,Y,Low_Class_Customer,5.0,54,360,592,Penalty_Customer,0,3
LP001924,IP43286,3158,3053,Rural,Y,Low_Class_Customer,3.0,89,360,760,No_Penalty,0,3
LP001925,IP43287,2600,1717,Semiurban,N,Low_Class_Customer,2.5,99,300,497,Penalty_Customer,0,2
LP001926,IP43288,3704,2000,Rural,Y,Low_Class_Customer,3.0,120,360,55,Penalty_Customer,0,4
LP001931,IP43289,4124,0,Semiurban,Y,Low_Class_Customer,2.5,115,360,447,Penalty_Customer,0,3
LP001935,IP43290,9508,0,Rural,Y,B_Grade_Customer,7.0,187,360,718,Penalty_Customer,1,13
LP001936,IP43291,3075,2416,Rural,Y,Low_Class_Customer,3.0,139,360,560,Penalty_Customer,0,4
LP001938,IP43292,4400,0,Semiurban,N,Low_Class_Customer,2.5,127,360,574,Penalty_Customer,0,3
LP001940,IP43293,3153,1560,Urban,Y,Low_Class_Customer,5.0,134,360,172,Penalty_Customer,1,7
LP001945,IP43294,5417,0,Urban,N,Middle_Class_Customer,7.0,143,480,231,Penalty_Customer,1,10
LP001947,IP43295,2383,3334,Semiurban,Y,Low_Class_Customer,2.5,172,360,152,Penalty_Customer,0,4
LP001949,IP43296,4416,1250,Urban,Y,Low_Class_Customer,5.0,110,360,702,Penalty_Customer,0,6
LP001953,IP43297,6875,0,Semiurban,Y,Middle_Class_Customer,7.0,200,360,703,Penalty_Customer,1,14
LP001954,IP43298,4666,0,Urban,Y,Low_Class_Customer,5.0,135,360,650,Penalty_Customer,1,7
LP001955,IP43299,5000,2541,Rural,N,Low_Class_Customer,7.0,151,480,587,Penalty_Customer,1,11
LP001963,IP43300,2014,2925,Urban,N,Low_Class_Customer,5.0,113,360,642,Penalty_Customer,0,6
LP001964,IP43301,1800,2934,Urban,N,Low_Class_Customer,5.0,93,360,918,High_Cibil_Score,0,5
LP001972,IP43302,2875,1750,Semiurban,Y,Low_Class_Customer,2.5,105,360,405,Penalty_Customer,0,3
LP001974,IP43303,5000,0,Rural,Y,Low_Class_Customer,7.0,132,360,359,Penalty_Customer,1,9
LP001977,IP43304,1625,1803,Urban,Y,Low_Class_Customer,5.0,96,360,53,Penalty_Customer,0,5
LP001978,IP43305,4000,2500,Rural,Y,Low_Class_Customer,3.0,140,360,98,Penalty_Customer,0,4
LP001993,IP43307,3762,1666,Rural,Y,Low_Class_Customer,3.0,135,360,268,Penalty_Customer,0,4
LP001994,IP43308,2400,1863,Urban,N,Low_Class_Customer,5.0,104,360,147,Penalty_Customer,0,5
LP001996,IP43309,20233,0,Rural,N,A_Grade_Customer,7.0,480,360,362,Penalty_Customer,3,34
LP001998,IP43310,7667,0,Rural,Y,Middle_Class_Customer,7.0,185,360,361,Penalty_Customer,1,13
LP002002,IP43311,2917,0,Semiurban,Y,Low_Class_Customer,2.5,84,360,622,Penalty_Customer,0,2
LP002004,IP43312,2927,2405,Semiurban,Y,Low_Class_Customer,2.5,111,360,116,Penalty_Customer,0,3
LP002006,IP43313,2507,0,Rural,Y,Low_Class_Customer,3.0,56,360,958,High_Cibil_Score,0,2
LP002008,IP43314,5746,0,Rural,Y,Middle_Class_Customer,7.0,144,84,555,Penalty_Customer,1,10
LP002024,IP43315,2473,1843,Rural,N,Low_Class_Customer,3.0,159,360,713,Penalty_Customer,0,5
LP002031,IP43316,3399,1640,Urban,Y,Low_Class_Customer,5.0,111,180,56,Penalty_Customer,0,6
LP002035,IP43317,3717,0,Semiurban,Y,Low_Class_Customer,2.5,120,360,930,High_Cibil_Score,0,3
LP002036,IP43318,2058,2134,Urban,Y,Low_Class_Customer,5.0,88,360,126,Penalty_Customer,0,4
LP002043,IP43319,3541,0,Semiurban,Y,Low_Class_Customer,2.5,112,360,697,Penalty_Customer,0,3
LP002050,IP43320,10000,0,Rural,N,B_Grade_Customer,7.0,155,360,285,Penalty_Customer,1,11
LP002051,IP43321,2400,2167,Semiurban,Y,Low_Class_Customer,2.5,115,360,654,Penalty_Customer,0,3
LP002053,IP43322,4342,189,Semiurban,Y,Low_Class_Customer,2.5,124,360,953,High_Cibil_Score,0,3
LP002055,IP43324,3166,2985,Rural,Y,Low_Class_Customer,3.0,132,360,381,Penalty_Customer,0,4
LP002065,IP43325,15000,0,Rural,Y,B_Grade_Customer,7.0,300,360,819,No_Penalty,2,21
LP002067,IP43326,8666,4983,Rural,N,Middle_Class_Customer,7.0,376,360,373,Penalty_Customer,2,26
LP002068,IP43327,4917,0,Rural,Y,Low_Class_Customer,3.0,130,360,324,Penalty_Customer,0,4
LP002082,IP43328,5818,2160,Semiurban,Y,Middle_Class_Customer,7.0,184,360,900,No_Penalty,1,13
LP002086,IP43329,4333,2451,Urban,N,Low_Class_Customer,5.0,110,360,503,Penalty_Customer,0,6
LP002087,IP43330,2500,0,Urban,Y,Low_Class_Customer,5.0,67,360,524,Penalty_Customer,0,3
LP002097,IP43331,4384,1793,Urban,Y,Low_Class_Customer,5.0,117,360,139,Penalty_Customer,0,6
LP002098,IP43332,2935,0,Semiurban,Y,Low_Class_Customer,2.5,98,360,317,Penalty_Customer,0,2
LP002100,IP43333,2833,0,Urban,Y,Low_Class_Customer,5.0,71,360,868,No_Penalty,0,4
LP002101,IP43334,63337,0,Urban,Y,A_Grade_Customer,7.0,490,180,555,Penalty_Customer,3,34
LP002103,IP43335,9833,1833,Urban,Y,B_Grade_Customer,7.0,182,180,440,Penalty_Customer,1,13
LP002106,IP43336,5503,4490,Semiurban,Y,Middle_Class_Customer,7.0,70,0,401,Penalty_Customer,0,5
LP002110,IP43337,5250,688,Rural,Y,Middle_Class_Customer,7.0,160,360,389,Penalty_Customer,1,11
LP002112,IP43338,2500,4600,Rural,Y,Low_Class_Customer,3.0,176,360,979,High_Cibil_Score,0,5
LP002114,IP43340,4160,0,Semiurban,Y,Low_Class_Customer,2.5,71,360,895,No_Penalty,0,2
LP002115,IP43341,2647,1587,Rural,N,Low_Class_Customer,3.0,173,360,365,Penalty_Customer,0,5
LP002116,IP43342,2378,0,Rural,N,Low_Class_Customer,3.0,46,360,258,Penalty_Customer,0,1
LP002119,IP43343,4554,1229,Urban,Y,Low_Class_Customer,5.0,158,360,735,Penalty_Customer,1,8
LP002126,IP43344,3173,0,Semiurban,Y,Low_Class_Customer,2.5,74,360,90,Penalty_Customer,0,2
LP002128,IP43345,2583,2330,Rural,Y,Low_Class_Customer,3.0,125,360,453,Penalty_Customer,0,4
LP002129,IP43346,2499,2458,Semiurban,Y,Low_Class_Customer,2.5,160,360,840,No_Penalty,0,4
LP002130,IP43347,3523,3230,Rural,N,Low_Class_Customer,3.0,152,360,319,Penalty_Customer,0,5
LP002131,IP43348,3083,2168,Urban,Y,Low_Class_Customer,5.0,126,360,294,Penalty_Customer,1,6
LP002137,IP43349,6333,4583,Semiurban,Y,Middle_Class_Customer,7.0,259,360,634,Penalty_Customer,2,18
LP002138,IP43350,2625,6250,Rural,Y,Low_Class_Customer,3.0,187,360,544,Penalty_Customer,0,6
LP002139,IP43351,9083,0,Semiurban,Y,B_Grade_Customer,7.0,228,360,655,Penalty_Customer,1,16
LP002140,IP43352,8750,4167,Rural,N,Middle_Class_Customer,7.0,308,360,308,Penalty_Customer,2,22
LP002141,IP43353,2666,2083,Rural,Y,Low_Class_Customer,3.0,95,360,102,Penalty_Customer,0,3
LP002142,IP43354,5500,0,Rural,N,Middle_Class_Customer,7.0,105,360,878,No_Penalty,1,7
LP002143,IP43355,2423,505,Semiurban,Y,Low_Class_Customer,2.5,130,360,861,No_Penalty,0,3
LP002144,IP43356,3813,0,Urban,Y,Low_Class_Customer,5.0,116,180,766,No_Penalty,0,6
LP002149,IP43357,8333,3167,Rural,Y,Middle_Class_Customer,7.0,165,360,951,High_Cibil_Score,1,12
LP002151,IP43358,3875,0,Urban,N,Low_Class_Customer,5.0,67,360,799,No_Penalty,0,3
LP002158,IP43359,3000,1666,Urban,N,Low_Class_Customer,5.0,100,480,397,Penalty_Customer,0,5
LP002160,IP43360,5167,3167,Semiurban,Y,Middle_Class_Customer,7.0,200,360,253,Penalty_Customer,1,14
LP002161,IP43361,4723,0,Semiurban,N,Low_Class_Customer,2.5,81,360,148,Penalty_Customer,0,2
LP002170,IP43362,5000,3667,Semiurban,Y,Low_Class_Customer,7.0,236,360,675,Penalty_Customer,1,17
LP002175,IP43363,4750,2333,Urban,Y,Low_Class_Customer,5.0,130,360,978,High_Cibil_Score,1,7
LP002178,IP43364,3013,3033,Urban,Y,Low_Class_Customer,5.0,95,300,161,Penalty_Customer,0,5
LP002180,IP43365,6822,0,Rural,Y,Middle_Class_Customer,7.0,141,360,234,Penalty_Customer,1,10
LP002181,IP43366,6216,0,Rural,N,Middle_Class_Customer,7.0,133,360,869,No_Penalty,1,9
LP002187,IP43367,2500,0,Semiurban,N,Low_Class_Customer,2.5,96,480,701,Penalty_Customer,0,2
LP002188,IP43368,5124,0,Rural,N,Middle_Class_Customer,7.0,124,0,98,Penalty_Customer,1,9
LP002190,IP43369,6325,0,Semiurban,Y,Middle_Class_Customer,7.0,175,360,435,Penalty_Customer,1,12
LP002191,IP43370,19730,5266,Rural,N,A_Grade_Customer,7.0,570,360,323,Penalty_Customer,3,40
LP002194,IP43371,15759,0,Semiurban,Y,A_Grade_Customer,7.0,55,360,331,Penalty_Customer,0,4
LP002197,IP43372,5185,0,Semiurban,Y,Middle_Class_Customer,7.0,155,360,736,Penalty_Customer,1,11
LP002201,IP43373,9323,7873,Rural,Y,B_Grade_Customer,7.0,380,300,831,No_Penalty,2,27
LP002205,IP43374,3062,1987,Urban,N,Low_Class_Customer,5.0,111,180,699,Penalty_Customer,0,6
LP002209,IP43375,2764,1459,Urban,Y,Low_Class_Customer,5.0,110,360,697,Penalty_Customer,0,6
LP002211,IP43376,4817,923,Urban,Y,Low_Class_Customer,5.0,120,180,846,No_Penalty,1,6
LP002219,IP43377,8750,4996,Rural,Y,Middle_Class_Customer,7.0,130,360,158,Penalty_Customer,1,9
LP002223,IP43378,4310,0,Semiurban,Y,Low_Class_Customer,2.5,130,360,908,High_Cibil_Score,0,3
LP002224,IP43379,3069,0,Urban,N,Low_Class_Customer,5.0,71,480,317,Penalty_Customer,0,4
LP002225,IP43380,5391,0,Urban,Y,Middle_Class_Customer,7.0,130,360,203,Penalty_Customer,1,9
LP002226,IP43381,3333,2500,Semiurban,Y,Low_Class_Customer,2.5,128,360,887,No_Penalty,0,3
LP002229,IP43382,5941,4232,Semiurban,Y,Middle_Class_Customer,7.0,296,360,673,Penalty_Customer,2,21
LP002231,IP43383,6000,0,Urban,Y,Middle_Class_Customer,7.0,156,360,443,Penalty_Customer,1,11
LP002234,IP43384,7167,0,Urban,Y,Middle_Class_Customer,7.0,128,360,828,No_Penalty,1,9
LP002236,IP43385,4566,0,Urban,N,Low_Class_Customer,5.0,100,360,562,Penalty_Customer,0,5
LP002237,IP43386,3667,0,Urban,Y,Low_Class_Customer,5.0,113,180,52,Penalty_Customer,0,6
LP002239,IP43387,2346,1600,Semiurban,Y,Low_Class_Customer,2.5,132,360,337,Penalty_Customer,0,3
LP002244,IP43389,2333,2417,Urban,Y,Low_Class_Customer,5.0,136,360,884,No_Penalty,1,7
LP002250,IP43390,5488,0,Rural,Y,Middle_Class_Customer,7.0,125,360,320,Penalty_Customer,1,9
LP002255,IP43391,9167,0,Rural,Y,B_Grade_Customer,7.0,185,360,897,No_Penalty,1,13
LP002262,IP43392,9504,0,Rural,Y,B_Grade_Customer,7.0,275,360,882,No_Penalty,2,19
LP002263,IP43393,2583,2115,Urban,Y,Low_Class_Customer,5.0,120,360,946,High_Cibil_Score,1,6
LP002265,IP43394,1993,1625,Semiurban,Y,Low_Class_Customer,2.5,113,180,733,Penalty_Customer,0,3
LP002266,IP43395,3100,1400,Urban,Y,Low_Class_Customer,5.0,113,360,213,Penalty_Customer,0,6
LP002272,IP43396,3276,484,Semiurban,Y,Low_Class_Customer,2.5,135,360,507,Penalty_Customer,0,3
LP002277,IP43397,3180,0,Urban,N,Low_Class_Customer,5.0,71,360,403,Penalty_Customer,0,4
LP002281,IP43398,3033,1459,Urban,Y,Low_Class_Customer,5.0,95,360,478,Penalty_Customer,0,5
LP002284,IP43399,3902,1666,Rural,Y,Low_Class_Customer,3.0,109,360,216,Penalty_Customer,0,3
LP002287,IP43400,1500,1800,Semiurban,N,Low_Class_Customer,2.5,103,360,459,Penalty_Customer,0,3
LP002288,IP43401,2889,0,Urban,N,Low_Class_Customer,5.0,45,180,826,No_Penalty,0,2
LP002296,IP43402,2755,0,Rural,N,Low_Class_Customer,3.0,65,300,971,High_Cibil_Score,0,2
LP002297,IP43403,2500,20000,Semiurban,Y,Low_Class_Customer,2.5,103,360,806,No_Penalty,0,3
LP002300,IP43404,1963,0,Semiurban,Y,Low_Class_Customer,2.5,53,360,775,No_Penalty,0,1
LP002301,IP43405,7441,0,Rural,N,Middle_Class_Customer,7.0,194,360,99,Penalty_Customer,1,14
LP002305,IP43406,4547,0,Semiurban,Y,Low_Class_Customer,2.5,115,360,283,Penalty_Customer,0,3
LP002308,IP43407,2167,2400,Urban,Y,Low_Class_Customer,5.0,115,360,784,No_Penalty,0,6
LP002314,IP43408,2213,0,Rural,Y,Low_Class_Customer,3.0,66,360,822,No_Penalty,0,2
LP002315,IP43409,8300,0,Semiurban,N,Middle_Class_Customer,7.0,152,300,143,Penalty_Customer,1,11
LP002317,IP43410,81000,0,Rural,N,A_Grade_Customer,7.0,360,360,484,Penalty_Customer,2,25
LP002318,IP43411,3867,0,Semiurban,N,Low_Class_Customer,2.5,62,360,779,No_Penalty,0,2
LP002319,IP43412,6256,0,Urban,Y,Middle_Class_Customer,7.0,160,360,842,No_Penalty,1,11
LP002328,IP43413,6096,0,Rural,N,Middle_Class_Customer,7.0,218,360,725,Penalty_Customer,1,15
LP002332,IP43414,2253,2033,Rural,Y,Low_Class_Customer,3.0,110,360,607,Penalty_Customer,0,3
LP002335,IP43415,2149,3237,Semiurban,N,Low_Class_Customer,2.5,178,360,685,Penalty_Customer,0,4
LP002337,IP43416,2995,0,Urban,Y,Low_Class_Customer,5.0,60,360,834,No_Penalty,0,3
LP002341,IP43417,2600,0,Urban,N,Low_Class_Customer,5.0,160,360,260,Penalty_Customer,1,8
LP002342,IP43418,1600,20000,Urban,N,Low_Class_Customer,5.0,239,360,108,Penalty_Customer,1,12
LP002345,IP43419,1025,2773,Rural,Y,Low_Class_Customer,3.0,112,360,229,Penalty_Customer,0,3
LP002347,IP43420,3246,1417,Semiurban,Y,Low_Class_Customer,2.5,138,360,718,Penalty_Customer,0,3
LP002348,IP43421,5829,0,Rural,Y,Middle_Class_Customer,7.0,138,360,632,Penalty_Customer,1,10
LP002357,IP43422,2720,0,Urban,N,Low_Class_Customer,5.0,80,0,447,Penalty_Customer,0,4
LP002361,IP43423,1820,1719,Urban,Y,Low_Class_Customer,5.0,100,360,190,Penalty_Customer,0,5
LP002362,IP43424,7250,1667,Urban,N,Middle_Class_Customer,7.0,110,0,285,Penalty_Customer,1,8
LP002364,IP43425,14880,0,Semiurban,Y,B_Grade_Customer,7.0,96,360,576,Penalty_Customer,1,7
LP002366,IP43426,2666,4300,Rural,Y,Low_Class_Customer,3.0,121,360,555,Penalty_Customer,0,4
LP002367,IP43427,4606,0,Rural,N,Low_Class_Customer,3.0,81,360,74,Penalty_Customer,0,2
LP002368,IP43428,5935,0,Semiurban,Y,Middle_Class_Customer,7.0,133,360,559,Penalty_Customer,1,9
LP002369,IP43429,2920,16,Rural,Y,Low_Class_Customer,3.0,87,360,625,Penalty_Customer,0,3
LP002370,IP43430,2717,0,Urban,Y,Low_Class_Customer,5.0,60,180,889,No_Penalty,0,3
LP002377,IP43431,8624,0,Semiurban,Y,Middle_Class_Customer,7.0,150,360,866,No_Penalty,1,11
LP002379,IP43432,6500,0,Rural,N,Middle_Class_Customer,7.0,105,360,61,Penalty_Customer,1,7
LP002386,IP43433,12876,0,Semiurban,Y,B_Grade_Customer,7.0,405,360,642,Penalty_Customer,2,28
LP002387,IP43434,2425,2340,Semiurban,Y,Low_Class_Customer,2.5,143,360,953,High_Cibil_Score,0,4
LP002390,IP43435,3750,0,Urban,Y,Low_Class_Customer,5.0,100,360,539,Penalty_Customer,0,5
LP002398,IP43437,1926,1851,Semiurban,Y,Low_Class_Customer,2.5,50,360,961,High_Cibil_Score,0,1
LP002403,IP43439,10416,0,Urban,N,B_Grade_Customer,7.0,187,360,272,Penalty_Customer,1,13
LP002407,IP43440,7142,0,Rural,Y,Middle_Class_Customer,7.0,138,360,865,No_Penalty,1,10
LP002408,IP43441,3660,5064,Semiurban,Y,Low_Class_Customer,2.5,360,360,0,Penalty_Customer,1,9
LP002409,IP43442,7901,1833,Rural,Y,Middle_Class_Customer,7.0,180,360,631,Penalty_Customer,1,13
LP002418,IP43443,4707,1993,Semiurban,Y,Low_Class_Customer,2.5,148,360,130,Penalty_Customer,0,4
LP002422,IP43444,37719,0,Semiurban,Y,A_Grade_Customer,7.0,152,360,730,Penalty_Customer,1,11
LP002424,IP43445,7333,8333,Rural,Y,Middle_Class_Customer,7.0,175,300,807,No_Penalty,1,12
LP002429,IP43446,3466,1210,Rural,Y,Low_Class_Customer,3.0,130,360,127,Penalty_Customer,0,4
LP002434,IP43447,4652,0,Rural,Y,Low_Class_Customer,3.0,110,360,460,Penalty_Customer,0,3
LP002435,IP43448,3539,1376,Rural,N,Low_Class_Customer,3.0,55,360,837,No_Penalty,0,2
LP002443,IP43449,3340,1710,Rural,N,Low_Class_Customer,3.0,150,360,486,Penalty_Customer,0,5
LP002444,IP43450,2769,1542,Semiurban,N,Low_Class_Customer,2.5,190,360,379,Penalty_Customer,0,5
LP002446,IP43451,2309,1255,Rural,N,Low_Class_Customer,3.0,125,360,205,Penalty_Customer,0,4
LP002447,IP43452,1958,1456,Urban,Y,Low_Class_Customer,5.0,60,300,802,No_Penalty,0,3
LP002448,IP43453,3948,1733,Rural,N,Low_Class_Customer,3.0,149,360,252,Penalty_Customer,0,4
LP002449,IP43454,2483,2466,Rural,Y,Low_Class_Customer,3.0,90,180,903,High_Cibil_Score,0,3
LP002453,IP43455,7085,0,Semiurban,Y,Middle_Class_Customer,7.0,84,360,100,Penalty_Customer,0,6
LP002455,IP43456,3859,0,Semiurban,Y,Low_Class_Customer,2.5,96,360,928,High_Cibil_Score,0,2
LP002459,IP43457,4301,0,Urban,Y,Low_Class_Customer,5.0,118,360,231,Penalty_Customer,0,6
LP002467,IP43458,3708,2569,Urban,N,Low_Class_Customer,5.0,173,360,918,High_Cibil_Score,1,9
LP002472,IP43459,4354,0,Rural,Y,Low_Class_Customer,3.0,136,360,662,Penalty_Customer,0,4
LP002473,IP43460,8334,0,Semiurban,N,Middle_Class_Customer,7.0,160,360,465,Penalty_Customer,1,11
LP002478,IP43461,2083,4083,Semiurban,Y,Low_Class_Customer,2.5,160,360,965,High_Cibil_Score,0,4
LP002484,IP43462,7740,0,Urban,Y,Middle_Class_Customer,7.0,128,180,568,Penalty_Customer,1,9
LP002487,IP43463,3015,2188,Rural,Y,Low_Class_Customer,3.0,153,360,698,Penalty_Customer,0,5
LP002489,IP43464,5191,0,Semiurban,Y,Middle_Class_Customer,7.0,132,360,214,Penalty_Customer,1,9
LP002493,IP43465,4166,0,Semiurban,N,Low_Class_Customer,2.5,98,360,978,High_Cibil_Score,0,2
LP002494,IP43466,6000,0,Rural,Y,Middle_Class_Customer,7.0,140,360,403,Penalty_Customer,1,10
LP002500,IP43467,2947,1664,Urban,N,Low_Class_Customer,5.0,70,180,292,Penalty_Customer,0,4
LP002501,IP43468,16692,0,Semiurban,Y,A_Grade_Customer,7.0,110,360,671,Penalty_Customer,1,8
LP002502,IP43469,210,2917,Semiurban,Y,Low_Class_Customer,2.5,98,360,71,Penalty_Customer,0,2
LP002505,IP43470,4333,2451,Urban,N,Low_Class_Customer,5.0,110,360,167,Penalty_Customer,0,6
LP002515,IP43471,3450,2079,Semiurban,Y,Low_Class_Customer,2.5,162,360,970,High_Cibil_Score,0,4
LP002517,IP43472,2653,1500,Rural,N,Low_Class_Customer,3.0,113,180,650,Penalty_Customer,0,3
LP002519,IP43473,4691,0,Semiurban,Y,Low_Class_Customer,2.5,100,360,649,Penalty_Customer,0,3
LP002522,IP43474,2500,0,Urban,Y,Low_Class_Customer,5.0,93,360,104,Penalty_Customer,0,5
LP002524,IP43475,5532,4648,Rural,Y,Middle_Class_Customer,7.0,162,360,567,Penalty_Customer,1,11
LP002527,IP43476,16525,1014,Rural,Y,A_Grade_Customer,7.0,150,360,984,High_Cibil_Score,1,11
LP002529,IP43477,6700,1750,Semiurban,Y,Middle_Class_Customer,7.0,230,300,175,Penalty_Customer,1,16
LP002530,IP43478,2873,1872,Semiurban,N,Low_Class_Customer,2.5,132,360,431,Penalty_Customer,0,3
LP002531,IP43479,16667,2250,Semiurban,Y,A_Grade_Customer,7.0,86,360,416,Penalty_Customer,1,6
LP002534,IP43481,4350,0,Rural,Y,Low_Class_Customer,3.0,154,360,981,High_Cibil_Score,0,5
LP002536,IP43482,3095,0,Rural,Y,Low_Class_Customer,3.0,113,360,950,High_Cibil_Score,0,3
LP002537,IP43483,2083,3150,Semiurban,Y,Low_Class_Customer,2.5,128,360,226,Penalty_Customer,0,3
LP002541,IP43484,10833,0,Semiurban,Y,B_Grade_Customer,7.0,234,360,74,Penalty_Customer,1,16
LP002543,IP43485,8333,0,Semiurban,Y,Middle_Class_Customer,7.0,246,360,551,Penalty_Customer,1,17
LP002544,IP43486,1958,2436,Rural,Y,Low_Class_Customer,3.0,131,360,547,Penalty_Customer,0,4
LP002545,IP43487,3547,0,Rural,N,Low_Class_Customer,3.0,80,360,619,Penalty_Customer,0,2
LP002547,IP43488,18333,0,Urban,N,A_Grade_Customer,7.0,500,360,961,High_Cibil_Score,3,35
LP002555,IP43489,4583,2083,Semiurban,Y,Low_Class_Customer,2.5,160,360,77,Penalty_Customer,0,4
LP002556,IP43490,2435,0,Urban,N,Low_Class_Customer,5.0,75,360,769,No_Penalty,0,4
LP002560,IP43491,2699,2785,Semiurban,Y,Low_Class_Customer,2.5,96,360,546,Penalty_Customer,0,2
LP002562,IP43492,5333,1131,Urban,Y,Middle_Class_Customer,7.0,186,360,504,Penalty_Customer,1,13
LP002571,IP43493,3691,0,Rural,Y,Low_Class_Customer,3.0,110,360,926,High_Cibil_Score,0,3
LP002582,IP43494,17263,0,Semiurban,Y,A_Grade_Customer,7.0,225,360,52,Penalty_Customer,1,16
LP002585,IP43495,3597,2157,Rural,N,Low_Class_Customer,3.0,119,360,976,High_Cibil_Score,0,4
LP002586,IP43496,3326,913,Semiurban,Y,Low_Class_Customer,2.5,105,84,122,Penalty_Customer,0,3
LP002587,IP43497,2600,1700,Rural,Y,Low_Class_Customer,3.0,107,360,227,Penalty_Customer,0,3
LP002588,IP43498,4625,2857,Urban,Y,Low_Class_Customer,5.0,111,12,761,No_Penalty,0,6
LP002600,IP43499,2895,0,Semiurban,Y,Low_Class_Customer,2.5,95,360,665,Penalty_Customer,0,2
LP002602,IP43500,6283,4416,Rural,N,Middle_Class_Customer,7.0,209,360,931,High_Cibil_Score,1,15
LP002603,IP43501,645,3683,Rural,Y,Low_Class_Customer,3.0,113,480,261,Penalty_Customer,0,3
LP002606,IP43502,3159,0,Semiurban,Y,Low_Class_Customer,2.5,100,360,137,Penalty_Customer,0,3
LP002615,IP43503,4865,5624,Semiurban,Y,Low_Class_Customer,2.5,208,360,696,Penalty_Customer,0,5
LP002618,IP43504,4050,5302,Rural,N,Low_Class_Customer,3.0,138,360,197,Penalty_Customer,0,4
LP002619,IP43505,3814,1483,Semiurban,Y,Low_Class_Customer,2.5,124,300,533,Penalty_Customer,0,3
LP002622,IP43506,3510,4416,Rural,Y,Low_Class_Customer,3.0,243,360,696,Penalty_Customer,1,7
LP002624,IP43507,20833,6667,Urban,Y,A_Grade_Customer,7.0,480,360,601,Penalty_Customer,3,34
LP002625,IP43508,3583,0,Urban,N,Low_Class_Customer,5.0,96,360,458,Penalty_Customer,0,5
LP002626,IP43509,2479,3013,Urban,Y,Low_Class_Customer,5.0,188,360,431,Penalty_Customer,1,9
LP002634,IP43510,13262,0,Urban,Y,B_Grade_Customer,7.0,40,360,834,No_Penalty,0,3
LP002637,IP43511,3598,1287,Rural,N,Low_Class_Customer,3.0,100,360,608,Penalty_Customer,0,3
LP002640,IP43512,6065,2004,Semiurban,Y,Middle_Class_Customer,7.0,250,360,522,Penalty_Customer,1,18
LP002643,IP43513,3283,2035,Urban,Y,Low_Class_Customer,5.0,148,360,111,Penalty_Customer,1,7
LP002648,IP43514,2130,6666,Semiurban,N,Low_Class_Customer,2.5,70,180,728,Penalty_Customer,0,2
LP002652,IP43515,5815,3666,Rural,N,Middle_Class_Customer,7.0,311,360,882,No_Penalty,2,22
LP002659,IP43516,3466,3428,Rural,Y,Low_Class_Customer,3.0,150,360,512,Penalty_Customer,0,5
LP002670,IP43517,2031,1632,Semiurban,Y,Low_Class_Customer,2.5,113,480,388,Penalty_Customer,0,3
LP002682,IP43518,3074,1800,Semiurban,N,Low_Class_Customer,2.5,123,360,963,High_Cibil_Score,0,3
LP002683,IP43519,4683,1915,Semiurban,N,Low_Class_Customer,2.5,185,360,563,Penalty_Customer,0,5
LP002684,IP43520,3400,0,Rural,N,Low_Class_Customer,3.0,95,360,542,Penalty_Customer,0,3
LP002689,IP43521,2192,1742,Semiurban,Y,Low_Class_Customer,2.5,45,360,555,Penalty_Customer,0,1
LP002690,IP43522,2500,0,Semiurban,Y,Low_Class_Customer,2.5,55,360,400,Penalty_Customer,0,1
LP002692,IP43523,5677,1424,Rural,Y,Middle_Class_Customer,7.0,100,360,768,No_Penalty,1,7
LP002693,IP43524,7948,7166,Rural,Y,Middle_Class_Customer,7.0,480,360,271,Penalty_Customer,3,34
LP002699,IP43526,17500,0,Rural,Y,A_Grade_Customer,7.0,400,360,818,No_Penalty,2,28
LP002705,IP43527,3775,0,Semiurban,Y,Low_Class_Customer,2.5,110,360,397,Penalty_Customer,0,3
LP002706,IP43528,5285,1430,Semiurban,Y,Middle_Class_Customer,7.0,161,360,534,Penalty_Customer,1,11
LP002714,IP43529,2679,1302,Semiurban,Y,Low_Class_Customer,2.5,94,360,773,No_Penalty,0,2
LP002716,IP43530,6783,0,Semiurban,Y,Middle_Class_Customer,7.0,130,360,959,High_Cibil_Score,1,9
LP002717,IP43531,1025,5500,Rural,Y,Low_Class_Customer,3.0,216,360,664,Penalty_Customer,1,6
LP002720,IP43532,4281,0,Urban,Y,Low_Class_Customer,5.0,100,360,276,Penalty_Customer,0,5
LP002723,IP43533,3588,0,Rural,N,Low_Class_Customer,3.0,110,360,533,Penalty_Customer,0,3
LP002729,IP43534,11250,0,Semiurban,N,B_Grade_Customer,7.0,196,360,219,Penalty_Customer,1,14
LP002731,IP43535,18165,0,Urban,Y,A_Grade_Customer,7.0,125,360,832,No_Penalty,1,9
LP002732,IP43536,2550,2042,Rural,Y,Low_Class_Customer,3.0,126,360,215,Penalty_Customer,0,4
LP002734,IP43537,6133,3906,Urban,Y,Middle_Class_Customer,7.0,324,360,662,Penalty_Customer,2,23
LP002738,IP43538,3617,0,Semiurban,Y,Low_Class_Customer,2.5,107,360,624,Penalty_Customer,0,3
LP002739,IP43539,2917,536,Rural,N,Low_Class_Customer,3.0,66,360,612,Penalty_Customer,0,2
LP002740,IP43540,6417,0,Rural,Y,Middle_Class_Customer,7.0,157,180,174,Penalty_Customer,1,11
LP002741,IP43541,4608,2845,Semiurban,Y,Low_Class_Customer,2.5,140,180,188,Penalty_Customer,0,4
LP002743,IP43542,2138,0,Semiurban,N,Low_Class_Customer,2.5,99,360,497,Penalty_Customer,0,2
LP002753,IP43543,3652,0,Semiurban,Y,Low_Class_Customer,2.5,95,360,763,No_Penalty,0,2
LP002755,IP43544,2239,2524,Urban,Y,Low_Class_Customer,5.0,128,360,393,Penalty_Customer,1,6
LP002757,IP43545,3017,663,Semiurban,Y,Low_Class_Customer,2.5,102,360,833,No_Penalty,0,3
LP002767,IP43546,2768,1950,Rural,Y,Low_Class_Customer,3.0,155,360,422,Penalty_Customer,0,5
LP002768,IP43547,3358,0,Semiurban,N,Low_Class_Customer,2.5,80,36,878,No_Penalty,0,2
LP002772,IP43548,2526,1783,Rural,Y,Low_Class_Customer,3.0,145,360,609,Penalty_Customer,0,4
LP002776,IP43549,5000,0,Semiurban,N,Low_Class_Customer,7.0,103,360,258,Penalty_Customer,1,7
LP002777,IP43550,2785,2016,Rural,Y,Low_Class_Customer,3.0,110,360,376,Penalty_Customer,0,3
LP002785,IP43553,3333,3250,Urban,Y,Low_Class_Customer,5.0,158,360,437,Penalty_Customer,1,8
LP002788,IP43554,2454,2333,Urban,N,Low_Class_Customer,5.0,181,360,63,Penalty_Customer,1,9
LP002789,IP43555,3593,4266,Rural,N,Low_Class_Customer,3.0,132,180,867,No_Penalty,0,4
LP002792,IP43556,5468,1032,Semiurban,Y,Middle_Class_Customer,7.0,26,360,632,Penalty_Customer,0,2
LP002794,IP43557,2667,1625,Urban,Y,Low_Class_Customer,5.0,84,360,367,Penalty_Customer,0,4
LP002795,IP43558,10139,0,Semiurban,Y,B_Grade_Customer,7.0,260,360,720,Penalty_Customer,2,18
LP002798,IP43559,3887,2669,Semiurban,Y,Low_Class_Customer,2.5,162,360,929,High_Cibil_Score,0,4
LP002804,IP43560,4180,2306,Semiurban,Y,Low_Class_Customer,2.5,182,360,469,Penalty_Customer,0,5
LP002807,IP43561,3675,242,Semiurban,Y,Low_Class_Customer,2.5,108,360,656,Penalty_Customer,0,3
LP002813,IP43562,19484,0,Semiurban,Y,A_Grade_Customer,7.0,600,360,169,Penalty_Customer,4,42
LP002820,IP43563,5923,2054,Rural,Y,Middle_Class_Customer,7.0,211,360,741,Penalty_Customer,1,15
LP002821,IP43564,5800,0,Semiurban,Y,Middle_Class_Customer,7.0,132,360,70,Penalty_Customer,1,9
LP002832,IP43565,8799,0,Urban,N,Middle_Class_Customer,7.0,258,360,524,Penalty_Customer,2,18
LP002833,IP43566,4467,0,Rural,Y,Low_Class_Customer,3.0,120,360,492,Penalty_Customer,0,4
LP002836,IP43567,3333,0,Urban,Y,Low_Class_Customer,5.0,70,360,713,Penalty_Customer,0,4
LP002837,IP43568,3400,2500,Rural,N,Low_Class_Customer,3.0,123,360,875,No_Penalty,0,4
LP002840,IP43569,2378,0,Urban,N,Low_Class_Customer,5.0,9,360,310,Penalty_Customer,0,0
LP002841,IP43570,3166,2064,Urban,N,Low_Class_Customer,5.0,104,360,271,Penalty_Customer,0,5
LP002842,IP43571,3417,1750,Urban,Y,Low_Class_Customer,5.0,186,360,775,No_Penalty,1,9
LP002847,IP43572,5116,1451,Urban,N,Middle_Class_Customer,7.0,165,360,110,Penalty_Customer,1,12
LP002855,IP43573,16666,0,Urban,Y,A_Grade_Customer,7.0,275,360,286,Penalty_Customer,2,19
LP002862,IP43574,6125,1625,Semiurban,N,Middle_Class_Customer,7.0,187,480,126,Penalty_Customer,1,13
LP002863,IP43575,6406,0,Semiurban,N,Middle_Class_Customer,7.0,150,360,351,Penalty_Customer,1,11
LP002868,IP43576,3159,461,Urban,Y,Low_Class_Customer,5.0,108,84,982,High_Cibil_Score,0,5
LP002872,IP43577,3087,2210,Semiurban,N,Low_Class_Customer,2.5,136,360,350,Penalty_Customer,0,3
LP002874,IP43578,3229,2739,Urban,Y,Low_Class_Customer,5.0,110,360,682,Penalty_Customer,0,6
LP002877,IP43579,1782,2232,Rural,Y,Low_Class_Customer,3.0,107,360,804,No_Penalty,0,3
LP002888,IP43580,3182,2917,Urban,Y,Low_Class_Customer,5.0,161,360,491,Penalty_Customer,1,8
LP002892,IP43581,6540,0,Semiurban,Y,Middle_Class_Customer,7.0,205,360,560,Penalty_Customer,1,14
LP002893,IP43582,1836,33837,Urban,N,Low_Class_Customer,5.0,90,360,92,Penalty_Customer,0,5
LP002894,IP43583,3166,0,Semiurban,Y,Low_Class_Customer,2.5,36,360,370,Penalty_Customer,0,1
LP002898,IP43584,1880,0,Rural,N,Low_Class_Customer,3.0,61,360,524,Penalty_Customer,0,2
LP002911,IP43585,2787,1917,Rural,N,Low_Class_Customer,3.0,146,360,371,Penalty_Customer,0,4
LP002912,IP43586,4283,3000,Rural,N,Low_Class_Customer,3.0,172,84,817,No_Penalty,0,5
LP002916,IP43587,2297,1522,Urban,Y,Low_Class_Customer,5.0,104,360,751,No_Penalty,0,5
LP002917,IP43588,2165,0,Semiurban,Y,Low_Class_Customer,2.5,70,360,588,Penalty_Customer,0,2
LP002925,IP43589,4750,0,Semiurban,Y,Low_Class_Customer,2.5,94,360,235,Penalty_Customer,0,2
LP002926,IP43590,2726,0,Semiurban,N,Low_Class_Customer,2.5,106,360,851,No_Penalty,0,3
LP002928,IP43591,3000,3416,Semiurban,Y,Low_Class_Customer,2.5,56,180,73,Penalty_Customer,0,1
LP002931,IP43592,6000,0,Semiurban,N,Middle_Class_Customer,7.0,205,240,665,Penalty_Customer,1,14
LP002933,IP43593,9357,0,Semiurban,Y,B_Grade_Customer,7.0,292,360,826,No_Penalty,2,20
LP002936,IP43594,3859,3300,Rural,Y,Low_Class_Customer,3.0,142,180,704,Penalty_Customer,0,4
LP002938,IP43595,16120,0,Urban,Y,A_Grade_Customer,7.0,260,360,548,Penalty_Customer,2,18
LP002940,IP43596,3833,0,Rural,Y,Low_Class_Customer,3.0,110,360,407,Penalty_Customer,0,3
LP002941,IP43597,6383,1000,Rural,N,Middle_Class_Customer,7.0,187,360,257,Penalty_Customer,1,13
LP002943,IP43598,2987,0,Semiurban,N,Low_Class_Customer,2.5,88,360,822,No_Penalty,0,2
LP002945,IP43599,9963,0,Rural,Y,B_Grade_Customer,7.0,180,360,461,Penalty_Customer,1,13
LP002948,IP43600,5780,0,Urban,Y,Middle_Class_Customer,7.0,192,360,556,Penalty_Customer,1,13
LP002949,IP43601,416,41667,Urban,N,Low_Class_Customer,5.0,350,180,760,No_Penalty,1,18
LP002950,IP43602,2894,2792,Rural,Y,Low_Class_Customer,3.0,155,360,67,Penalty_Customer,0,5
LP002953,IP43603,5703,0,Urban,Y,Middle_Class_Customer,7.0,128,360,465,Penalty_Customer,1,9
LP002958,IP43604,3676,4301,Rural,Y,Low_Class_Customer,3.0,172,360,863,No_Penalty,0,5
LP002959,IP43605,12000,0,Semiurban,Y,B_Grade_Customer,7.0,496,360,234,Penalty_Customer,3,35
LP002961,IP43607,3400,2500,Semiurban,Y,Low_Class_Customer,2.5,173,360,201,Penalty_Customer,0,4
LP002964,IP43608,3987,1411,Rural,Y,Low_Class_Customer,3.0,157,360,439,Penalty_Customer,0,5
LP002974,IP43609,3232,1950,Rural,Y,Low_Class_Customer,3.0,108,360,478,Penalty_Customer,0,3
LP002978,IP43610,2900,0,Rural,Y,Low_Class_Customer,3.0,71,360,982,High_Cibil_Score,0,2
LP002979,IP43611,4106,0,Rural,Y,Low_Class_Customer,3.0,40,180,946,High_Cibil_Score,0,1
LP002983,IP43612,8072,240,Urban,Y,Middle_Class_Customer,7.0,253,360,961,High_Cibil_Score,1,18
LP002984,IP43613,7583,0,Urban,Y,Middle_Class_Customer,7.0,187,360,121,Penalty_Customer,1,13
LP002990,IP43614,4583,0,Semiurban,N,Low_Class_Customer,2.5,133,360,792,No_Penalty,0,3
